zona,tanggal,demand,perkiraan,batas_bawah,batas_atas,nama_zona
1,2026-06-01,0.0,0.0,0.0,0.0,Newark Airport
1,2026-06-02,0.0,0.0,0.0,0.0,Newark Airport
1,2026-06-03,0.0,0.0,0.0,0.0,Newark Airport
1,2026-06-04,0.0,0.0,0.0,0.0,Newark Airport
1,2026-06-05,0.0,0.0,0.0,0.0,Newark Airport
1,2026-06-06,0.0,0.0,0.0,0.0,Newark Airport
1,2026-06-07,0.0,0.0,0.0,0.0,Newark Airport
2,2026-06-01,0.0,2.5,2.227979274611399,2.8624918948297298,Jamaica Bay
2,2026-06-02,0.0,1.0,0.8911917098445595,1.1449967579318918,Jamaica Bay
2,2026-06-03,0.0,2.0,1.782383419689119,2.2899935158637836,Jamaica Bay
2,2026-06-04,0.0,1.25,1.1139896373056994,1.4312459474148649,Jamaica Bay
2,2026-06-05,0.0,1.75,1.5595854922279793,2.0037443263808106,Jamaica Bay
2,2026-06-06,0.0,1.5,1.3367875647668392,1.7174951368978377,Jamaica Bay
2,2026-06-07,0.0,1.75,1.5595854922279793,2.0037443263808106,Jamaica Bay
3,2026-06-01,0.0,1543.530421839998,1375.5815158366822,1767.3373287760433,Allerton/Pelham Gardens
3,2026-06-02,0.0,1696.7889681136078,1512.1642617385519,1942.817867384681,Allerton/Pelham Gardens
3,2026-06-03,0.0,1747.0898079500143,1556.9919531989765,2000.412165918618,Allerton/Pelham Gardens
3,2026-06-04,0.0,1789.440704713771,1594.7347212993193,2048.9038054086277,Allerton/Pelham Gardens
3,2026-06-05,0.0,1948.1401439637943,1736.1663459159201,2230.6141488355133,Allerton/Pelham Gardens
3,2026-06-06,0.0,1751.0229527434958,1560.4971392325454,2004.915603955631,Allerton/Pelham Gardens
3,2026-06-07,0.0,1456.0289813272814,1297.600957452292,1667.1484630746122,Allerton/Pelham Gardens
4,2026-06-01,0.0,1236.208600825634,1101.6988566943473,1415.454840072871,Alphabet City
4,2026-06-02,0.0,1366.3285822279179,1217.660705405191,1564.4417969206443,Alphabet City
4,2026-06-03,0.0,1483.75454084366,1322.3097462440905,1698.8941388327135,Alphabet City
4,2026-06-04,0.0,1647.8347996098614,1468.5367126056794,1886.76550316064,Alphabet City
4,2026-06-05,0.0,2105.7990112476873,1876.6706214228093,2411.1330407347855,Alphabet City
4,2026-06-06,0.0,2719.0054886117027,2423.1551504726053,3113.252469259419,Alphabet City
4,2026-06-07,0.0,2021.778966097734,1801.7926537244052,2314.9303614367977,Alphabet City
5,2026-06-01,0.0,188.0,167.5440414507772,215.25939049119566,Arden Heights
5,2026-06-02,0.0,212.25,189.15544041450775,243.02556187104403,Arden Heights
5,2026-06-03,0.0,208.25,185.59067357512953,238.44557483931646,Arden Heights
5,2026-06-04,0.0,223.5,199.18134715025906,255.90677539777784,Arden Heights
5,2026-06-05,0.0,275.0,245.07772020725386,314.87410843127026,Arden Heights
5,2026-06-06,0.0,261.0,232.60103626943004,298.84415382022377,Arden Heights
5,2026-06-07,0.0,191.5,170.66321243523316,219.26687914395728,Arden Heights
6,2026-06-01,0.0,381.25,339.76683937823833,436.53001396153377,Arrochar/Fort Wadsworth
6,2026-06-02,0.0,456.5,406.82901554404145,522.6910199959086,Arrochar/Fort Wadsworth
6,2026-06-03,0.0,439.0,391.2331606217616,502.65357673210053,Arrochar/Fort Wadsworth
6,2026-06-04,0.0,458.25,408.3886010362694,524.6947643222894,Arrochar/Fort Wadsworth
6,2026-06-05,0.0,497.0,442.9222797927461,569.0633886921503,Arrochar/Fort Wadsworth
6,2026-06-06,0.0,409.0,364.4974093264249,468.30367399414376,Arrochar/Fort Wadsworth
6,2026-06-07,0.0,334.5,298.10362694300517,383.0014155282178,Arrochar/Fort Wadsworth
7,2026-06-01,0.0,5154.960166956577,4594.057765370628,5902.412678433325,Astoria
7,2026-06-02,0.0,5670.371646696694,5053.388203273737,6492.557151736638,Astoria
7,2026-06-03,0.0,5871.328919313388,5232.479658662708,6722.652577365587,Astoria
7,2026-06-04,0.0,6057.056834749728,5397.998837186286,6935.310438397645,Astoria
7,2026-06-05,0.0,7235.635496569253,6448.338369999541,8284.779185148709,Astoria
7,2026-06-06,0.0,8956.77927401309,7982.207435908038,10255.483230256552,Astoria
7,2026-06-07,0.0,7541.203425325135,6720.657974901156,8634.653472902157,Astoria
8,2026-06-01,0.0,31.0,27.626943005181346,35.494899495888646,Astoria Park
8,2026-06-02,0.0,29.75,26.512953367875646,34.06365354847378,Astoria Park
8,2026-06-03,0.0,38.0,33.865284974093264,43.50987680141189,Astoria Park
8,2026-06-04,0.0,29.5,26.290155440414505,33.77740435899081,Astoria Park
8,2026-06-05,0.0,36.25,32.30569948186528,41.50613247503108,Astoria Park
8,2026-06-06,0.0,48.75,43.445595854922274,55.818591949179726,Astoria Park
8,2026-06-07,0.0,50.5,45.005181347150256,57.82233627556054,Astoria Park
9,2026-06-01,0.0,631.0566393243489,562.392445408228,722.5578060977747,Auburndale
9,2026-06-02,0.0,684.2471983758436,609.7954306769176,783.4608237643209,Auburndale
9,2026-06-03,0.0,706.3063464956842,629.4543606075528,808.7184768442779,Auburndale
9,2026-06-04,0.0,737.8847231330423,657.5967480771153,844.875615714805,Auburndale
9,2026-06-05,0.0,755.3123255335511,673.128082858916,864.8301639619136,Auburndale
9,2026-06-06,0.0,688.8973200801764,613.9395805895872,788.7851980397708,Auburndale
9,2026-06-07,0.0,552.5307638269887,492.4108361566946,632.6459332395339,Auburndale
10,2026-06-01,0.0,2123.5220985591563,1892.4652899076418,2431.4259182469614,Baisley Park
10,2026-06-02,0.0,2308.667452106599,2057.465294105363,2643.4167478049367,Baisley Park
10,2026-06-03,0.0,2449.3851988488414,2182.8717834300555,2804.5381116082854,Baisley Park
10,2026-06-04,0.0,2565.6696836669694,2286.5035522835165,2937.6834697228223,Baisley Park
10,2026-06-05,0.0,2808.0437765073075,2502.5053345039214,3215.201020231693,Baisley Park
10,2026-06-06,0.0,2577.887186126197,2297.391689190186,2951.6724704286626,Baisley Park
10,2026-06-07,0.0,2262.211284236656,2016.0639424285223,2590.2245862079126,Baisley Park
11,2026-06-01,0.0,776.0926647861868,691.6473489286224,888.6235850349063,Bath Beach
11,2026-06-02,0.0,830.5141780215675,740.1473503611896,950.9360412511649,Bath Beach
11,2026-06-03,0.0,845.9904852468156,753.9397070593383,968.6563628488318,Bath Beach
11,2026-06-04,0.0,863.855094159254,769.8604984217186,989.111282135295,Bath Beach
11,2026-06-05,0.0,964.4565675454594,859.5156975016529,1104.2996430056717,Bath Beach
11,2026-06-06,0.0,946.5089884325953,843.520963784489,1083.7497231087161,Bath Beach
11,2026-06-07,0.0,792.5191973649396,706.2865385842985,907.431911581641,Bath Beach
12,2026-06-01,0.0,80.25,71.51813471502591,91.88598982403431,Battery Park
12,2026-06-02,0.0,79.5,70.84974093264248,91.0272422555854,Battery Park
12,2026-06-03,0.0,69.0,61.49222797927461,79.00477629730054,Battery Park
12,2026-06-04,0.0,61.5,54.80829015544041,70.41730061281135,Battery Park
12,2026-06-05,0.0,80.0,71.29533678756476,91.59974063455135,Battery Park
12,2026-06-06,0.0,105.75,94.24352331606217,121.08340715129756,Battery Park
12,2026-06-07,0.0,97.0,86.44559585492227,111.0646855193935,Battery Park
13,2026-06-01,0.0,2638.9925438448886,2351.84827741617,3021.6379069088334,Battery Park City
13,2026-06-02,0.0,3276.369833020265,2919.873633572464,3751.4328365940573,Battery Park City
13,2026-06-03,0.0,3654.977205905931,3257.2853855741973,4184.937051077256,Battery Park City
13,2026-06-04,0.0,3573.480012039135,3184.655762024514,4091.6230283192276,Battery Park City
13,2026-06-05,0.0,2981.656174631079,2657.22726443806,3413.9866532201922,Battery Park City
13,2026-06-06,0.0,2606.4999355268806,2322.891134251935,2984.433975727963,Battery Park City
13,2026-06-07,0.0,1927.409256359996,1717.691150745696,2206.877349740114,Battery Park City
14,2026-06-01,0.0,3402.631534615079,3032.39701530463,3896.0020755710834,Bay Ridge
14,2026-06-02,0.0,3903.428889039519,3478.7034658797784,4469.413422767936,Bay Ridge
14,2026-06-03,0.0,3954.29316490976,3524.0332868625837,4527.6528537339145,Bay Ridge
14,2026-06-04,0.0,4001.265729972935,3565.8948474370195,4581.436288442995,Bay Ridge
14,2026-06-05,0.0,4465.863623089958,3979.9406381941594,5113.399369803974,Bay Ridge
14,2026-06-06,0.0,4702.853255536044,4191.143833949221,5384.7517306182135,Bay Ridge
14,2026-06-07,0.0,3689.725390650939,3288.252679751096,4224.723609954308,Bay Ridge
15,2026-06-01,0.0,449.75,400.81347150259063,514.9622918798683,Bay Terrace/Fort Totten
15,2026-06-02,0.0,516.25,460.07772020725383,591.1045762823392,Bay Terrace/Fort Totten
15,2026-06-03,0.0,536.25,477.90155440414503,614.004511440977,Bay Terrace/Fort Totten
15,2026-06-04,0.0,524.25,467.20725388601034,600.2645503457943,Bay Terrace/Fort Totten
15,2026-06-05,0.0,643.0,573.0362694300518,736.2329153502064,Bay Terrace/Fort Totten
15,2026-06-06,0.0,627.25,559.0,718.1992164127792,Bay Terrace/Fort Totten
15,2026-06-07,0.0,495.25,441.3626943005181,567.0596443657694,Bay Terrace/Fort Totten
16,2026-06-01,0.0,1243.2170110043742,1107.9446937448308,1423.4794470057855,Bayside
16,2026-06-02,0.0,1470.5199086018831,1310.5151517073775,1683.740527823458,Bayside
16,2026-06-03,0.0,1694.7858014950677,1510.3790562546717,1940.5242481008554,Bayside
16,2026-06-04,0.0,1517.9560262239766,1352.7898264793987,1738.0547287096308,Bayside
16,2026-06-05,0.0,1680.4974538901265,1497.6453993217706,1924.1641364169936,Bayside
16,2026-06-06,0.0,1721.5806005250074,1534.258359017105,1971.204206119573,Bayside
16,2026-06-07,0.0,1491.719118401827,1329.4077117363431,1708.0135543151118,Bayside
17,2026-06-01,0.0,4222.89878139448,3763.4123854914533,4835.205413771216,Bedford
17,2026-06-02,0.0,4795.3327518141505,4273.560794362869,5490.64045403182,Bedford
17,2026-06-03,0.0,4998.453404279589,4454.580235938287,5723.212942573758,Bedford
17,2026-06-04,0.0,5191.656343694461,4626.76109386242,5944.429681826697,Bedford
17,2026-06-05,0.0,5880.431118084157,5240.5914627485745,6733.074565448169,Bedford
17,2026-06-06,0.0,6917.677437792831,6164.976783939725,7920.718238691388,Bedford
17,2026-06-07,0.0,6159.849838028486,5489.6071095383395,7053.0080938899055,Bedford
18,2026-06-01,0.0,2907.5390548862038,2591.1747017638704,3329.12279140506,Bedford Park
18,2026-06-02,0.0,3196.8272444630793,2848.9859380707235,3660.3568305785693,Bedford Park
18,2026-06-03,0.0,3289.5167371264242,2931.5900455219944,3766.485999172451,Bedford Park
18,2026-06-04,0.0,3392.5071226001205,3023.374223249848,3884.409656637989,Bedford Park
18,2026-06-05,0.0,3759.2633651022784,3350.2243461015123,4304.344365254243,Bedford Park
18,2026-06-06,0.0,3773.5150846446563,3362.925360408709,4320.66253792522,Bedford Park
18,2026-06-07,0.0,3193.8783160946673,2846.357877555869,3656.980317157364,Bedford Park
19,2026-06-01,0.0,649.1802657177976,578.5440710023896,743.3092995602424,Bellerose
19,2026-06-02,0.0,672.7379803286354,599.5385109664522,770.2828064139364,Bellerose
19,2026-06-03,0.0,705.282948109661,628.5423164500605,807.5466890102085,Bellerose
19,2026-06-04,0.0,714.4350892565978,636.6986287675379,818.0258609515863,Bellerose
19,2026-06-05,0.0,800.3688080522368,713.282046554325,916.4196903696237,Bellerose
19,2026-06-06,0.0,683.5358506691101,609.1614834978598,782.6463329463488,Bellerose
19,2026-06-07,0.0,552.4151780307008,492.307827053267,632.5135878775212,Bellerose
20,2026-06-01,0.0,1924.3394194933542,1714.9553375795695,2203.362396480429,Belmont
20,2026-06-02,0.0,2098.6737847013765,1870.3206785939726,2402.9746794397292,Belmont
20,2026-06-03,0.0,2058.7101545564797,1834.7054227135466,2357.216452488633,Belmont
20,2026-06-04,0.0,2155.9553200815158,1921.3695080519208,2468.5618517393495,Belmont
20,2026-06-05,0.0,2496.7430234330377,2225.076684095764,2858.7626672198976,Belmont
20,2026-06-06,0.0,2469.151925019969,2200.487725924532,2827.170948989154,Belmont
20,2026-06-07,0.0,2094.263455269828,1866.3902295668931,2397.924866539194,Belmont
21,2026-06-01,0.0,1744.9305454314201,1555.067636343027,1997.9398173353036,Bensonhurst East
21,2026-06-02,0.0,1920.3588845754437,1711.4079178599807,2198.804696904587,Bensonhurst East
21,2026-06-03,0.0,1940.3565076769596,1729.2296337846478,2221.7019105221666,Bensonhurst East
21,2026-06-04,0.0,1971.8994932802896,1757.3404810580819,2257.818526773472,Bensonhurst East
21,2026-06-05,0.0,2122.7556904096573,1891.782273318451,2430.548383400532,Bensonhurst East
21,2026-06-06,0.0,2062.1232214232746,1837.7471196103793,2361.124402985718,Bensonhurst East
21,2026-06-07,0.0,1849.9183062699294,1648.6318584374499,2118.1504631179255,Bensonhurst East
22,2026-06-01,0.0,2287.1517060087967,2038.290639551881,2618.781288278468,Bensonhurst West
22,2026-06-02,0.0,2557.020357575859,2278.795344575377,2927.7800193902053,Bensonhurst West
22,2026-06-03,0.0,2588.9023903526086,2307.2083478790087,2964.2848435558617,Bensonhurst West
22,2026-06-04,0.0,2597.558433984435,2314.922542203745,2974.19598545082,Bensonhurst West
22,2026-06-05,0.0,2783.5974834336175,2480.7190007802187,3187.210093918865,Bensonhurst West
22,2026-06-06,0.0,2768.61363799259,2467.3655219415828,3170.053639467536,Bensonhurst West
22,2026-06-07,0.0,2426.8592430959134,2162.796838406721,2778.745965301866,Bensonhurst West
23,2026-06-01,0.0,1112.6863356736687,991.6168380096943,1274.0222469414673,Bloomfield/Emerson Hill
23,2026-06-02,0.0,1240.36644886166,1105.4042963948473,1420.2155625940945,Bloomfield/Emerson Hill
23,2026-06-03,0.0,1251.7205311425676,1115.522960396485,1433.2159499950255,Bloomfield/Emerson Hill
23,2026-06-04,0.0,1341.81209247422,1195.8118129822064,1536.3704956367897,Bloomfield/Emerson Hill
23,2026-06-05,0.0,1273.7815585847595,1135.1835651636197,1458.4757548929817,Bloomfield/Emerson Hill
23,2026-06-06,0.0,999.6911808978101,890.9164928208463,1144.6431610610969,Bloomfield/Emerson Hill
23,2026-06-07,0.0,866.4229001069958,772.1489057948356,992.0514116204575,Bloomfield/Emerson Hill
24,2026-06-01,0.0,814.9545210050143,726.2807130200126,933.1202844126792,Bloomingdale
24,2026-06-02,0.0,884.1558150101456,787.9523325479017,1012.3555416932462,Bloomingdale
24,2026-06-03,0.0,914.0653565888001,814.6074680480498,1046.6018698320347,Bloomingdale
24,2026-06-04,0.0,928.4631475412266,827.4386599849273,1063.0872937939441,Bloomingdale
24,2026-06-05,0.0,1016.4715729992561,905.8710391495961,1163.8566556140786,Bloomingdale
24,2026-06-06,0.0,1115.9568910952528,994.5315298879973,1277.7670222958177,Bloomingdale
24,2026-06-07,0.0,971.4339637435229,865.733895149668,1112.2887390312605,Bloomingdale
25,2026-06-01,0.0,2891.3361733752417,2576.7348280857077,3310.570544605854,Boerum Hill
25,2026-06-02,0.0,3276.2604222100936,2919.7761275654716,3751.307561571128,Boerum Hill
25,2026-06-03,0.0,3505.708334506543,3124.258204845209,4014.024677264804,Boerum Hill
25,2026-06-04,0.0,3728.348958998007,3322.6736836666178,4268.947470491462,Boerum Hill
25,2026-06-05,0.0,4398.706904355381,3920.0911271975415,5036.50514457954,Boerum Hill
25,2026-06-06,0.0,5500.282266303995,4901.805957535166,6297.805362628353,Boerum Hill
25,2026-06-07,0.0,4583.87863134417,4085.11463518755,5248.526171642352,Boerum Hill
26,2026-06-01,0.0,3478.2578299724746,3099.794542773397,3982.5939385697006,Borough Park
26,2026-06-02,0.0,4327.376258491857,3856.5218469461106,4954.831786324617,Borough Park
26,2026-06-03,0.0,4489.45821551475,4000.967943360295,5140.415101635085,Borough Park
26,2026-06-04,0.0,4037.024403977588,3597.7626812650005,4622.379854246266,Borough Park
26,2026-06-05,0.0,2763.7007032335323,2462.987155213303,3164.428345096484,Borough Park
26,2026-06-06,0.0,1590.2104289306646,1417.1823511713694,1820.785785555094,Borough Park
26,2026-06-07,0.0,3241.6903468777855,2888.967563020617,3711.724937394174,Borough Park
27,2026-06-01,0.0,35.0,31.191709844559583,40.074886527616215,Breezy Point/Fort Tilden/Riis Beach
27,2026-06-02,0.0,47.5,42.331606217616574,54.38734600176486,Breezy Point/Fort Tilden/Riis Beach
27,2026-06-03,0.0,32.5,28.963730569948186,37.212394632786484,Breezy Point/Fort Tilden/Riis Beach
27,2026-06-04,0.0,21.75,19.38341968911917,24.903679485018646,Breezy Point/Fort Tilden/Riis Beach
27,2026-06-05,0.0,52.0,46.34196891191709,59.539831412458376,Breezy Point/Fort Tilden/Riis Beach
27,2026-06-06,0.0,74.25,66.17098445595855,85.01600927644297,Breezy Point/Fort Tilden/Riis Beach
27,2026-06-07,0.0,83.0,73.96891191709844,95.03473090834702,Breezy Point/Fort Tilden/Riis Beach
28,2026-06-01,0.0,1672.0339858072753,1490.1028267297995,1914.473492901269,Briarwood/Jamaica Hills
28,2026-06-02,0.0,1779.945499834426,1586.2726734275714,2038.0318266058785,Briarwood/Jamaica Hills
28,2026-06-03,0.0,1882.0699525036084,1677.2851390187598,2154.963993817661,Briarwood/Jamaica Hills
28,2026-06-04,0.0,1906.5820946764409,1699.1301569137192,2183.03031713552,Briarwood/Jamaica Hills
28,2026-06-05,0.0,2052.9590668452342,1829.5801010226958,2350.6314757046753,Briarwood/Jamaica Hills
28,2026-06-06,0.0,1965.4880483354536,1751.6266544751193,2250.477443097976,Briarwood/Jamaica Hills
28,2026-06-07,0.0,1660.5733561974348,1479.8892086319108,1901.3511091541434,Briarwood/Jamaica Hills
29,2026-06-01,0.0,1421.742511769712,1267.0451400227485,1627.8905665902648,Brighton Beach
29,2026-06-02,0.0,1563.9008855430955,1393.735504214572,1790.6614436736588,Brighton Beach
29,2026-06-03,0.0,1565.0121893221237,1394.725888929561,1791.9338828977238,Brighton Beach
29,2026-06-04,0.0,1602.9637414052743,1428.5479975217988,1835.3882869914144,Brighton Beach
29,2026-06-05,0.0,1628.5379145238549,1451.3394885912073,1864.6706322989783,Brighton Beach
29,2026-06-06,0.0,1526.554470968785,1360.4526891535284,1747.899920065693,Brighton Beach
29,2026-06-07,0.0,1384.2420495904198,1233.6250390132238,1584.9526589740276,Brighton Beach
30,2026-06-01,0.0,38.5,34.310880829015545,44.08237518037784,Broad Channel
30,2026-06-02,0.0,33.75,30.077720207253883,38.64364058020135,Broad Channel
30,2026-06-03,0.0,35.5,31.637305699481864,40.64738490658216,Broad Channel
30,2026-06-04,0.0,40.0,35.64766839378238,45.799870317275676,Broad Channel
30,2026-06-05,0.0,62.0,55.25388601036269,70.98979899177729,Broad Channel
30,2026-06-06,0.0,88.25,78.64766839378238,101.04596388748945,Broad Channel
30,2026-06-07,0.0,68.5,61.04663212435233,78.43227791833459,Broad Channel
31,2026-06-01,0.0,210.5,187.59585492227978,241.02181754466324,Bronx Park
31,2026-06-02,0.0,260.0,231.7098445595855,297.6991570622919,Bronx Park
31,2026-06-03,0.0,262.25,233.71502590673575,300.27539976763865,Bronx Park
31,2026-06-04,0.0,234.25,208.76165803108807,268.21549054554566,Bronx Park
31,2026-06-05,0.0,288.5,257.1088082901554,330.3315646633508,Bronx Park
31,2026-06-06,0.0,415.75,370.51295336787564,476.032402110184,Bronx Park
31,2026-06-07,0.0,346.75,309.020725388601,397.0276258128835,Bronx Park
32,2026-06-01,0.0,1556.0571149295133,1386.7452008698253,1781.680351751146,Bronxdale
32,2026-06-02,0.0,1721.2942528450944,1534.0031683386333,1970.8763389544313,Bronxdale
32,2026-06-03,0.0,1731.317642588014,1542.935930182064,1982.3530877135618,Bronxdale
32,2026-06-04,0.0,1815.4196038761618,1617.8869008637296,2078.6495607242045,Bronxdale
32,2026-06-05,0.0,2045.8639133626966,1823.2569590589835,2342.5075479701404,Bronxdale
32,2026-06-06,0.0,1982.2739819634835,1766.5861393664204,2269.69728268093,Bronxdale
32,2026-06-07,0.0,1730.291140435227,1542.0211199733628,1981.1777460766104,Bronxdale
33,2026-06-01,0.0,2721.162404161263,2425.0773757292086,3115.7221305707985,Brooklyn Heights
33,2026-06-02,0.0,3116.670430664805,2777.550850126147,3568.5775386533946,Brooklyn Heights
33,2026-06-03,0.0,3230.669039381194,2879.145465148007,3699.1055760424065,Brooklyn Heights
33,2026-06-04,0.0,3456.1143681169315,3080.060473140478,3957.2397465357153,Brooklyn Heights
33,2026-06-05,0.0,3826.684636704133,3410.3096244202634,4381.541502654011,Brooklyn Heights
33,2026-06-06,0.0,4244.345740939322,3782.5257380391886,4859.762112917557,Brooklyn Heights
33,2026-06-07,0.0,3253.353241282267,2899.3614378266834,3725.0789136754074,Brooklyn Heights
34,2026-06-01,0.0,401.75,358.0362694300518,460.00244749913753,Brooklyn Navy Yard
34,2026-06-02,0.0,474.5,422.8704663212435,543.3009616386827,Brooklyn Navy Yard
34,2026-06-03,0.0,505.75,450.720207253886,579.0821103240543,Brooklyn Navy Yard
34,2026-06-04,0.0,667.25,594.6476683937824,763.9990867300548,Brooklyn Navy Yard
34,2026-06-05,0.0,598.75,533.60103626943,685.5668088117202,Brooklyn Navy Yard
34,2026-06-06,0.0,883.0,786.922279792746,1011.0321372538605,Brooklyn Navy Yard
34,2026-06-07,0.0,806.0,718.3005181347149,922.8673868931048,Brooklyn Navy Yard
35,2026-06-01,0.0,3578.2287543622742,3188.8878018150835,4097.060322883476,Brownsville
35,2026-06-02,0.0,3892.7753997246946,3469.209164521489,4457.2152120417995,Brownsville
35,2026-06-03,0.0,4031.777773715747,3593.0869278710284,4616.372479606391,Brownsville
35,2026-06-04,0.0,4308.916888203836,3840.071009176475,4933.695867191368,Brownsville
35,2026-06-05,0.0,4864.9051457834985,4335.563135102392,5570.300619568283,Brownsville
35,2026-06-06,0.0,4824.868634714501,4299.882928346602,5524.458944195377,Brownsville
35,2026-06-07,0.0,4047.6170426680396,3607.2027530513096,4634.508391204778,Brownsville
36,2026-06-01,0.0,3701.718700825854,3298.9410183525742,4238.455911221457,Bushwick North
36,2026-06-02,0.0,3897.1640463563203,3473.1202900170315,4462.2401982067195,Bushwick North
36,2026-06-03,0.0,4256.179832038583,3793.0721819203955,4873.312108859282,Bushwick North
36,2026-06-04,0.0,4685.165896476977,4175.381006186735,5364.4997618392035,Bushwick North
36,2026-06-05,0.0,6037.6863142680995,5380.7359899176845,6913.131255246727,Bushwick North
36,2026-06-06,0.0,9205.75304869413,8204.090799872489,10540.557395076408,Bushwick North
36,2026-06-07,0.0,7841.017767909843,6987.850031505145,8977.939923143129,Bushwick North
37,2026-06-01,0.0,5274.55470325551,4700.639424662941,6039.34803476197,Bushwick South
37,2026-06-02,0.0,5667.8499246965675,5051.140865532692,6489.669788222087,Bushwick South
37,2026-06-03,0.0,5916.907824919497,5273.099201482661,6774.840276514666,Bushwick South
37,2026-06-04,0.0,6433.8128703597995,5733.760692755883,7366.694877702449,Bushwick South
37,2026-06-05,0.0,8341.102703344395,7433.52158018257,9550.53555290627,Bushwick South
37,2026-06-06,0.0,12208.152780567998,10879.804550558008,13978.295354087568,Bushwick South
37,2026-06-07,0.0,10334.705505671693,9210.20387033954,11833.20429817496,Bushwick South
38,2026-06-01,0.0,832.5197758045551,741.9347224786709,953.232444210401,Cambria Heights
38,2026-06-02,0.0,911.1265412165696,811.9884201515542,1043.2369357586704,Cambria Heights
38,2026-06-03,0.0,923.8249155563956,823.3051060917101,1057.7765332087768,Cambria Heights
38,2026-06-04,0.0,981.8953321782766,875.0569799723501,1124.2669719725848,Cambria Heights
38,2026-06-05,0.0,1059.521113869217,944.2364330855198,1213.1482403406403,Cambria Heights
38,2026-06-06,0.0,956.648385828622,852.5571106866475,1095.35930025455,Cambria Heights
38,2026-06-07,0.0,884.052699307851,787.8604366888619,1012.2374745484269,Cambria Heights
39,2026-06-01,0.0,4544.136180341664,4049.696492325213,5203.021194092215,Canarsie
39,2026-06-02,0.0,5090.370824265572,4536.496278620095,5828.458090455172,Canarsie
39,2026-06-03,0.0,5220.965886298333,4652.8815152503275,5977.989013084598,Canarsie
39,2026-06-04,0.0,5446.648103738102,4854.007636491987,6236.394420376013,Canarsie
39,2026-06-05,0.0,6058.025963596687,5398.862516780467,6936.420087785431,Canarsie
39,2026-06-06,0.0,5946.057276116074,5299.076950735568,6808.21630363024,Canarsie
39,2026-06-07,0.0,5125.278134563821,4567.605384170866,5868.4268475747895,Canarsie
40,2026-06-01,0.0,1233.0457399188044,1098.8801412747894,1411.8333745887617,Carroll Gardens
40,2026-06-02,0.0,1419.1577823822074,1264.7416506204127,1624.9310598214408,Carroll Gardens
40,2026-06-03,0.0,1551.3452071081365,1382.5459876818625,1776.2852325719955,Carroll Gardens
40,2026-06-04,0.0,1669.8202254305818,1488.129941834508,1911.938744447117,Carroll Gardens
40,2026-06-05,0.0,1880.4979803899005,1675.8842105029164,2153.1640908439063,Carroll Gardens
40,2026-06-06,0.0,2325.306414584644,2072.293799526211,2662.468305897649,Carroll Gardens
40,2026-06-07,0.0,1709.4270482326742,1523.4272139690154,1957.2884281474956,Carroll Gardens
41,2026-06-01,0.0,3673.7845243119236,3274.046311822025,4206.47136967751,Central Harlem
41,2026-06-02,0.0,4183.423140127662,3728.2320212536674,4790.005932503427,Central Harlem
41,2026-06-03,0.0,4325.095289699591,3854.4890664680293,4952.220084452529,Central Harlem
41,2026-06-04,0.0,4470.373298448541,3983.959623487819,5118.562933468877,Central Harlem
41,2026-06-05,0.0,4922.226816078117,4386.647732463399,5635.933746214862,Central Harlem
41,2026-06-06,0.0,5323.540930743376,4744.2955444966865,6095.437106418891,Central Harlem
41,2026-06-07,0.0,4455.758458297318,3970.934999104345,5101.828988878034,Central Harlem
42,2026-06-01,0.0,5145.376276035115,4585.516681233366,5891.439154399877,Central Harlem North
42,2026-06-02,0.0,5744.607342368493,5119.546439830988,6577.556782603666,Central Harlem North
42,2026-06-03,0.0,5909.397311767691,5266.405894425092,6766.240763305443,Central Harlem North
42,2026-06-04,0.0,6118.14664474302,5452.441569408287,7005.25807278264,Central Harlem North
42,2026-06-05,0.0,6840.670527883199,6096.348864227513,7832.545576506505,Central Harlem North
42,2026-06-06,0.0,7066.857981126062,6297.925247428408,8091.529477154456,Central Harlem North
42,2026-06-07,0.0,6028.276177598759,5372.349754129464,6902.356679268637,Central Harlem North
43,2026-06-01,0.0,887.6008492270802,791.0225184821646,1016.3000947026007,Central Park
43,2026-06-02,0.0,996.6549952938044,888.2106693810069,1141.166738388031,Central Park
43,2026-06-03,0.0,1023.6362902336675,912.256175752284,1172.0602336189784,Central Park
43,2026-06-04,0.0,1114.5564208884184,993.2834424497821,1276.1634884494122,Central Park
43,2026-06-05,0.0,1140.6622874454786,1016.5487743037424,1306.0546210202485,Central Park
43,2026-06-06,0.0,1438.9497647525477,1282.3801012302497,1647.5928154685255,Central Park
43,2026-06-07,0.0,1172.3822170539556,1044.8173126076701,1342.3738375837827,Central Park
44,2026-06-01,0.0,273.0,243.29533678756476,312.5841149154065,Charleston/Tottenville
44,2026-06-02,0.0,327.25,291.6424870466321,374.7001890332116,Charleston/Tottenville
44,2026-06-03,0.0,328.25,292.53367875647666,375.8451857911435,Charleston/Tottenville
44,2026-06-04,0.0,334.5,298.10362694300517,383.0014155282178,Charleston/Tottenville
44,2026-06-05,0.0,419.5,373.85492227979273,480.3261399524286,Charleston/Tottenville
44,2026-06-06,0.0,406.0,361.8238341968912,464.8686837203481,Charleston/Tottenville
44,2026-06-07,0.0,312.5,278.4974093264249,357.8114868537162,Charleston/Tottenville
45,2026-06-01,0.0,1241.3785111021098,1106.3062378733828,1421.3743705782347,Chinatown
45,2026-06-02,0.0,1392.5470115089745,1241.0263522256146,1594.4618134455206,Chinatown
45,2026-06-03,0.0,1511.9980248471422,1347.4801050451215,1731.232836449402,Chinatown
45,2026-06-04,0.0,1589.1213083048142,1416.2117358985909,1819.5387459694984,Chinatown
45,2026-06-05,0.0,1951.6921814647974,1739.3318922898711,2234.6812202582146,Chinatown
45,2026-06-06,0.0,2346.584019831046,2091.25622492715,2686.831094921334,Chinatown
45,2026-06-07,0.0,1937.2690475432466,1726.4781149090072,2218.166778678821,Chinatown
46,2026-06-01,0.0,148.75,132.56476683937822,170.3182677423689,City Island
46,2026-06-02,0.0,156.0,139.02590673575128,178.61949423737514,City Island
46,2026-06-03,0.0,143.5,127.8860103626943,164.30703476322648,City Island
46,2026-06-04,0.0,134.0,119.41968911917098,153.4295655628735,City Island
46,2026-06-05,0.0,178.5,159.0777202072539,204.38192129084268,City Island
46,2026-06-06,0.0,220.25,196.28497409326422,252.18553593449917,City Island
46,2026-06-07,0.0,235.5,209.87564766839378,269.64673649296054,City Island
47,2026-06-01,0.0,2144.828109529934,1911.4530302546561,2455.821231732963,Claremont/Bathgate
47,2026-06-02,0.0,2320.614571860065,2068.112468186172,2657.09616118928,Claremont/Bathgate
47,2026-06-03,0.0,2448.444395719166,2182.033347480293,2803.4608950749553,Claremont/Bathgate
47,2026-06-04,0.0,2583.2886979886016,2302.2054717825877,2957.857183999047,Claremont/Bathgate
47,2026-06-05,0.0,2794.443807240682,2490.385154639364,3199.629099513433,Claremont/Bathgate
47,2026-06-06,0.0,2478.2390527724833,2208.586098843871,2837.575680804696,Claremont/Bathgate
47,2026-06-07,0.0,2196.771960538012,1957.7449596504562,2515.2967727317096,Claremont/Bathgate
48,2026-06-01,0.0,4840.150059756527,4313.501607658666,5541.956126325076,Clinton East
48,2026-06-02,0.0,5452.697925448108,4859.3991874459825,6243.321446620036,Clinton East
48,2026-06-03,0.0,5741.718014927078,5116.971495168173,6574.248512050642,Clinton East
48,2026-06-04,0.0,5981.108245792134,5330.314084332886,6848.349550271698,Clinton East
48,2026-06-05,0.0,6493.247980523987,5786.728770207906,7434.747886147769,Clinton East
48,2026-06-06,0.0,7901.637775878759,7041.874080057754,9047.349635733344,Clinton East
48,2026-06-07,0.0,6980.719309154274,6221.15917707013,7992.900977014199,Clinton East
49,2026-06-01,0.0,2946.8524371215394,2626.210462097952,3374.1364866078566,Clinton Hill
49,2026-06-02,0.0,3411.0362891309555,3039.8872628524578,3905.6254922429753,Clinton Hill
49,2026-06-03,0.0,3698.0812944460595,3295.699391941566,4234.291092709312,Clinton Hill
49,2026-06-04,0.0,3860.430172627793,3440.383366279691,4420.180031881277,Clinton Hill
49,2026-06-05,0.0,4542.473161490088,4048.214423711374,5201.117042898782,Clinton Hill
49,2026-06-06,0.0,5664.056112157202,5047.759851248905,6485.325885164312,Clinton Hill
49,2026-06-07,0.0,4435.73586330999,3953.091028442064,5078.90318253216,Clinton Hill
50,2026-06-01,0.0,2889.238420691756,2574.865328284881,3308.16862458432,Clinton West
50,2026-06-02,0.0,3265.2011716393117,2909.920215139697,3738.6447555224267,Clinton West
50,2026-06-03,0.0,3288.408361526009,2930.60227037551,3765.2169127034044,Clinton West
50,2026-06-04,0.0,3454.548790269206,3078.6652431414686,3955.4471649757797,Clinton West
50,2026-06-05,0.0,3645.623228988456,3248.9491988912664,4174.226777832977,Clinton West
50,2026-06-06,0.0,4164.216559611943,3711.1152759235965,4768.014460081971,Clinton West
50,2026-06-07,0.0,3307.8707503786018,2947.9469899747123,3787.5012848412334,Clinton West
51,2026-06-01,0.0,2426.332135223856,2162.3270842409493,2778.1424284972795,Co-Op City
51,2026-06-02,0.0,2706.0510102539797,2411.6102267548417,3098.4196335391275,Co-Op City
51,2026-06-03,0.0,2722.6669676624924,2426.4182302484387,3117.444850901809,Co-Op City
51,2026-06-04,0.0,2932.105448974485,2613.0680685161215,3357.2512329902197,Co-Op City
51,2026-06-05,0.0,3369.5968475231102,3002.9567760309583,3858.1774659514845,Co-Op City
51,2026-06-06,0.0,3457.7435128400457,3081.512353411854,3959.1051119618833,Co-Op City
51,2026-06-07,0.0,2823.3678795149294,2516.162048065118,3232.7470684936343,Co-Op City
52,2026-06-01,0.0,904.5197571950937,806.1005090028814,1035.6721894737243,Cobble Hill
52,2026-06-02,0.0,980.5099791541712,873.8223648420593,1122.6807472513929,Cobble Hill
52,2026-06-03,0.0,1083.6223149021032,965.7152236433251,1240.7440373855597,Cobble Hill
52,2026-06-04,0.0,1137.7134937892838,1013.9208338432995,1302.6782618440955,Cobble Hill
52,2026-06-05,0.0,1235.1759708767856,1100.7785854445965,1414.2724821292963,Cobble Hill
52,2026-06-06,0.0,1417.302337007118,1263.0880930840638,1622.8065808824438,Cobble Hill
52,2026-06-07,0.0,1070.6979000354786,954.1970922595974,1225.9456242651079,Cobble Hill
53,2026-06-01,0.0,1008.1798868406585,898.4815571844209,1154.3627018446955,College Point
53,2026-06-02,0.0,1085.4238437890067,967.320731252379,1242.806782120385,College Point
53,2026-06-03,0.0,1110.4195939805059,989.5967366043885,1271.4268350517268,College Point
53,2026-06-04,0.0,1127.1029558844364,1004.464810425508,1290.5292303431318,College Point
53,2026-06-05,0.0,1291.6746467894764,1151.1297370351808,1478.963282876772,College Point
53,2026-06-06,0.0,1266.3389008903487,1128.55073032715,1449.9539359624846,College Point
53,2026-06-07,0.0,1121.6895684530793,999.6404444245059,1284.3309192847987,College Point
54,2026-06-01,0.0,328.0,292.3108808290155,375.5589366016605,Columbia Street
54,2026-06-02,0.0,372.0,331.52331606217615,425.93879395066375,Columbia Street
54,2026-06-03,0.0,420.5,374.7461139896373,481.4711367103605,Columbia Street
54,2026-06-04,0.0,408.75,364.2746113989637,468.0174248046608,Columbia Street
54,2026-06-05,0.0,460.0,409.9481865284974,526.6985086486702,Columbia Street
54,2026-06-06,0.0,577.25,514.440414507772,660.9493785161845,Columbia Street
54,2026-06-07,0.0,389.75,347.3419689119171,446.2624864039548,Columbia Street
55,2026-06-01,0.0,1812.7691370948435,1615.5248268410003,2075.614784852589,Coney Island
55,2026-06-02,0.0,2000.1933675611067,1782.5557472565301,2290.21492109434,Coney Island
55,2026-06-03,0.0,2068.043952737835,1843.0236262741325,2367.9036211454754,Coney Island
55,2026-06-04,0.0,2179.41973536366,1942.2808004277176,2495.4285311641725,Coney Island
55,2026-06-05,0.0,2494.4072006847337,2222.995018226809,2856.088157745986,Coney Island
55,2026-06-06,0.0,2407.134542761334,2145.2183489893755,2756.1612473675946,Coney Island
55,2026-06-07,0.0,1950.6311186294263,1738.3862818873642,2233.4663067517527,Coney Island
56,2026-06-01,0.0,1911.6154964432617,1703.615882840627,2188.7935458398983,Corona
56,2026-06-02,0.0,2060.2353101083386,1836.0646286975866,2358.962750650853,Corona
56,2026-06-03,0.0,2096.9954693247364,1868.8249778438064,2401.053013774689,Corona
56,2026-06-04,0.0,2183.8034969687833,1946.1875724281383,2500.447923989585,Corona
56,2026-06-05,0.0,2513.592679359544,2240.0929577711995,2878.055468628015,Corona
56,2026-06-06,0.0,2866.852411417278,2554.9151024029625,3282.5367165420093,Corona
56,2026-06-07,0.0,2530.7271558986226,2255.363061215353,2897.67438871412,Corona
57,2026-06-01,0.0,192.25,171.33160621761658,220.1256267124062,Corona
57,2026-06-02,0.0,170.5,151.9481865284974,195.22194722738755,Corona
57,2026-06-03,0.0,166.75,148.6062176165803,190.92820938514296,Corona
57,2026-06-04,0.0,176.25,157.0725388601036,201.80567858549594,Corona
57,2026-06-05,0.0,208.25,185.59067357512953,238.44557483931646,Corona
57,2026-06-06,0.0,254.0,226.36269430051811,290.8291765147005,Corona
57,2026-06-07,0.0,230.25,205.19689119170982,263.6355035138181,Corona
58,2026-06-01,0.0,221.75,197.6217616580311,253.903031071397,Country Club
58,2026-06-02,0.0,259.0,230.81865284974091,296.55416030436,Country Club
58,2026-06-03,0.0,254.0,226.36269430051811,290.8291765147005,Country Club
58,2026-06-04,0.0,264.0,235.2746113989637,302.27914409401944,Country Club
58,2026-06-05,0.0,313.0,278.94300518134713,358.38398523268216,Country Club
58,2026-06-06,0.0,288.5,257.1088082901554,330.3315646633508,Country Club
58,2026-06-07,0.0,241.25,215.0,276.2304678510689,Country Club
59,2026-06-01,0.0,80.5,71.74093264248704,92.17223901351728,Crotona Park
59,2026-06-02,0.0,84.0,74.860103626943,96.17972766627891,Crotona Park
59,2026-06-03,0.0,111.5,99.36787564766838,127.66713850940594,Crotona Park
59,2026-06-04,0.0,92.75,82.6580310880829,106.19844929818296,Crotona Park
59,2026-06-05,0.0,90.5,80.65284974093264,103.6222065928362,Crotona Park
59,2026-06-06,0.0,94.5,84.21761658031087,108.20219362456378,Crotona Park
59,2026-06-07,0.0,88.25,78.64766839378238,101.04596388748945,Crotona Park
60,2026-06-01,0.0,1485.854107211761,1324.1808623856107,1701.298135517252,Crotona Park East
60,2026-06-02,0.0,1591.1762801182845,1418.0431097427197,1821.8916820335635,Crotona Park East
60,2026-06-03,0.0,1638.7485473706297,1460.4391199365195,1876.3617738049682,Crotona Park East
60,2026-06-04,0.0,1703.5450919304903,1518.185263274841,1950.553607251198,Crotona Park East
60,2026-06-05,0.0,1924.379758911148,1714.9912877342872,2203.40858498302,Crotona Park East
60,2026-06-06,0.0,1827.9499054130476,1629.0538017152548,2092.9967153598477,Crotona Park East
60,2026-06-07,0.0,1598.2369626482243,1424.3355314792466,1829.976140639131,Crotona Park East
61,2026-06-01,0.0,6812.212402373225,6070.987218695309,7799.961115060767,Crown Heights North
61,2026-06-02,0.0,7708.687233046475,6869.9181558756145,8826.42188974918,Crown Heights North
61,2026-06-03,0.0,7922.146834018651,7060.151582648746,9070.832440811757,Crown Heights North
61,2026-06-04,0.0,8621.008665023219,7682.971452766806,9871.026971554333,Crown Heights North
61,2026-06-05,0.0,9977.370014575588,8891.749443041457,11424.05631937592,Crown Heights North
61,2026-06-06,0.0,11439.111380335282,10194.441230143359,13097.745444105705,Crown Heights North
61,2026-06-07,0.0,9951.68993722329,8868.86357099692,11394.652714064097,Crown Heights North
62,2026-06-01,0.0,2069.8107573369,1844.598187885735,2369.9266066833043,Crown Heights South
62,2026-06-02,0.0,2369.952523622369,2112.082041777448,2713.5879560001176,Crown Heights South
62,2026-06-03,0.0,2430.0793233059508,2165.6665471949404,2782.432946702639,Crown Heights South
62,2026-06-04,0.0,2489.185266903842,2218.341274131921,2850.10906049673,Crown Heights South
62,2026-06-05,0.0,2609.0810328565412,2325.1913867944304,2987.3893238023315,Crown Heights South
62,2026-06-06,0.0,2705.3979679453187,2411.0282408631856,3097.671902212918,Crown Heights South
62,2026-06-07,0.0,2660.2034420670298,2370.751254070099,3045.9243166060082,Crown Heights South
63,2026-06-01,0.0,1919.6388753013828,1710.7662515639265,2197.9802886201064,Cypress Hills
63,2026-06-02,0.0,2087.498603008806,1860.3614493135474,2390.1791326324364,Cypress Hills
63,2026-06-03,0.0,2175.3121304631873,1938.6201369930993,2490.725336870266,Cypress Hills
63,2026-06-04,0.0,2262.6356419520994,2016.4421265065341,2590.7104744162984,Cypress Hills
63,2026-06-05,0.0,2623.6528508553615,2338.1776701923427,3004.0740081681543,Cypress Hills
63,2026-06-06,0.0,2781.5272752713536,2478.874048428356,3184.8397122848287,Cypress Hills
63,2026-06-07,0.0,2397.124876849807,2136.297817710709,2744.7002123509146,Cypress Hills
64,2026-06-01,0.0,450.0,401.0362694300518,515.2485410693513,Douglaston
64,2026-06-02,0.0,502.5,447.82383419689114,575.3608708607757,Douglaston
64,2026-06-03,0.0,510.0,454.5077720207254,583.9483465452648,Douglaston
64,2026-06-04,0.0,512.75,456.9585492227979,587.0970876295776,Douglaston
64,2026-06-05,0.0,557.5,496.83937823834196,638.3356925470297,Douglaston
64,2026-06-06,0.0,555.5,495.0569948186528,636.0456990311659,Douglaston
64,2026-06-07,0.0,441.5,393.461139896373,505.51606862693023,Douglaston
65,2026-06-01,0.0,2666.7821258644512,2376.61412253205,3053.456888225515,Downtown Brooklyn/MetroTech
65,2026-06-02,0.0,2953.269070845733,2631.9289128780624,3381.483511418895,Downtown Brooklyn/MetroTech
65,2026-06-03,0.0,3082.4231655417734,2747.0299713636527,3529.3645311194896,Downtown Brooklyn/MetroTech
65,2026-06-04,0.0,3263.381213205972,2908.2982832716434,3736.5609090166818,Downtown Brooklyn/MetroTech
65,2026-06-05,0.0,3675.9042298870136,3275.9353758578563,4208.898425688758,Downtown Brooklyn/MetroTech
65,2026-06-06,0.0,4273.486558214141,3808.4957928126023,4893.12825422071,Downtown Brooklyn/MetroTech
65,2026-06-07,0.0,3467.2216476117737,3089.9591885452073,3969.9575455467534,Downtown Brooklyn/MetroTech
66,2026-06-01,0.0,2040.656180049984,1818.6158703036126,2336.5447102109106,DUMBO/Vinegar Hill
66,2026-06-02,0.0,2420.7068863225873,2157.3139090543264,2771.701536742767,DUMBO/Vinegar Hill
66,2026-06-03,0.0,2566.7023031351023,2287.423814192941,2938.8658156660117,DUMBO/Vinegar Hill
66,2026-06-04,0.0,2668.3671071034364,2378.0266446724922,3055.2716866055357,DUMBO/Vinegar Hill
66,2026-06-05,0.0,2915.354072080305,2598.1393802995462,3338.0709607554877,DUMBO/Vinegar Hill
66,2026-06-06,0.0,3480.3550037568307,3101.6635266641183,3984.995195753608,DUMBO/Vinegar Hill
66,2026-06-07,0.0,2666.222951429242,2376.1157909110343,3052.816635310082,DUMBO/Vinegar Hill
67,2026-06-01,0.0,1274.174788089229,1135.5340080380693,1458.9260014007225,Dyker Heights
67,2026-06-02,0.0,1355.406268637139,1207.9268300807662,1551.9357832700869,Dyker Heights
67,2026-06-03,0.0,1371.5579683435399,1222.3210909590096,1570.4294270690054,Dyker Heights
67,2026-06-04,0.0,1418.158124056559,1263.8507634079178,1623.7864542795337,Dyker Heights
67,2026-06-05,0.0,1550.1545153493228,1381.4848530574275,1774.9218943684575,Dyker Heights
67,2026-06-06,0.0,1481.5414202633056,1320.3374315299925,1696.3601229432952,Dyker Heights
67,2026-06-07,0.0,1207.1778950076114,1075.8269323383893,1382.2147760307607,Dyker Heights
68,2026-06-01,0.0,6146.17215817321,5477.41767464141,7037.347194799584,East Chelsea
68,2026-06-02,0.0,6993.663166195547,6232.694635158726,8007.721651361591,East Chelsea
68,2026-06-03,0.0,7411.307075394233,6604.895424703668,8485.922573364087,East Chelsea
68,2026-06-04,0.0,7717.144310761265,6877.455033424547,8836.105216314192,East Chelsea
68,2026-06-05,0.0,7569.867463367474,6746.203127975157,8667.473703529871,East Chelsea
68,2026-06-06,0.0,7915.655938641567,7054.36695049922,9063.40038664892,East Chelsea
68,2026-06-07,0.0,6887.352121711978,6137.951113650052,7885.995850095551,East Chelsea
69,2026-06-01,0.0,3253.5449588851775,2899.5322949650285,3725.2984297091784,East Concourse/Concourse Village
69,2026-06-02,0.0,3514.2199894291343,3131.84372114928,4023.7704945558057,East Concourse/Concourse Village
69,2026-06-03,0.0,3608.797038662625,3216.1300033677276,4132.060909302917,East Concourse/Concourse Village
69,2026-06-04,0.0,3733.4734979996615,3327.240630341667,4274.815051034252,East Concourse/Concourse Village
69,2026-06-05,0.0,4035.754499087234,3596.6309525544257,4620.925817263928,East Concourse/Concourse Village
69,2026-06-06,0.0,3820.070911886225,3404.4155276913507,4373.968809179653,East Concourse/Concourse Village
69,2026-06-07,0.0,3363.779789784962,2997.7726623990334,3851.516953700602,East Concourse/Concourse Village
70,2026-06-01,0.0,1481.5216328354893,1320.3197971383634,1696.3374664025978,East Elmhurst
70,2026-06-02,0.0,1601.9217099441203,1427.6193477222212,1834.19516434673,East Elmhurst
70,2026-06-03,0.0,1661.3783820412475,1480.6066409901273,1902.2728611353602,East Elmhurst
70,2026-06-04,0.0,1761.3861663805123,1569.7327493132027,2016.7814499717704,East Elmhurst
70,2026-06-05,0.0,1935.823275441364,1725.189654797485,2216.5113743094576,East Elmhurst
70,2026-06-06,0.0,1968.4211893414774,1754.2406454234927,2253.8358800404303,East Elmhurst
70,2026-06-07,0.0,1803.398198540717,1607.1735240881,2064.885090589335,East Elmhurst
71,2026-06-01,0.0,2604.0510338493386,2320.708693378685,2981.629991246684,East Flatbush/Farragut
71,2026-06-02,0.0,2831.6235146593685,2523.519401665344,3242.1997439686857,East Flatbush/Farragut
71,2026-06-03,0.0,2868.339991265458,2556.2408212313926,3284.2399906453406,East Flatbush/Farragut
71,2026-06-04,0.0,2991.9482368500135,2666.399464964779,3425.7710310933053,East Flatbush/Farragut
71,2026-06-05,0.0,3336.825545768818,2973.7512635867183,3820.654431689612,East Flatbush/Farragut
71,2026-06-06,0.0,3404.4450722416645,3034.013225002934,3898.0785702739113,East Flatbush/Farragut
71,2026-06-07,0.0,3091.795795018546,2755.3827810527973,3540.096161483691,East Flatbush/Farragut
72,2026-06-01,0.0,3002.9485595871006,2676.2028613936855,3438.3663649634746,East Flatbush/Remsen Village
72,2026-06-02,0.0,3305.138544104967,2945.512070394064,3784.37291751592,East Flatbush/Remsen Village
72,2026-06-03,0.0,3354.863699350338,2989.826716519472,3841.30805905953,East Flatbush/Remsen Village
72,2026-06-04,0.0,3532.050244642124,3147.7338967795095,4044.1860789677776,East Flatbush/Remsen Village
72,2026-06-05,0.0,3972.2943466724996,3540.0757908169426,4548.264148491195,East Flatbush/Remsen Village
72,2026-06-06,0.0,3967.360193728922,3535.6785146185207,4542.614559367657,East Flatbush/Remsen Village
72,2026-06-07,0.0,3549.941660091465,3163.678577905347,4064.6716916520854,East Flatbush/Remsen Village
73,2026-06-01,0.0,708.7972456704168,631.6742293021331,811.5705483236819,East Flushing
73,2026-06-02,0.0,734.9634086506084,654.9932968285214,841.5307201035187,East Flushing
73,2026-06-03,0.0,726.8484453768862,647.7613088332871,832.2391134643705,East Flushing
73,2026-06-04,0.0,744.5500161578456,663.5368019645048,852.5073546188709,East Flushing
73,2026-06-05,0.0,806.936048311852,719.1347166302514,923.939159175443,East Flushing
73,2026-06-06,0.0,817.910412925959,728.9149793951551,936.504771078958,East Flushing
73,2026-06-07,0.0,714.4837654524223,636.7420085897235,818.0815950379937,East Flushing
74,2026-06-01,0.0,3936.580422182483,3508.247837385425,4507.371820737101,East Harlem North
74,2026-06-02,0.0,4389.979413524592,3912.313259721398,5026.512195873405,East Harlem North
74,2026-06-03,0.0,4506.39808757241,4016.064616903909,5159.811200220887,East Harlem North
74,2026-06-04,0.0,4718.074745178999,4204.709099330507,5402.180286910291,East Harlem North
74,2026-06-05,0.0,5364.32111449837,4780.638506185075,6142.130284606226,East Harlem North
74,2026-06-06,0.0,5542.717937138337,4939.624275584424,6346.394068154339,East Harlem North
74,2026-06-07,0.0,4752.376701746546,4235.278718654953,5441.455915970852,East Harlem North
75,2026-06-01,0.0,3826.9033102517096,3410.504504473026,4381.791883157032,East Harlem South
75,2026-06-02,0.0,4150.478340364946,3698.8718888226463,4752.284243584402,East Harlem South
75,2026-06-03,0.0,4313.8456290348395,3844.463462145038,4939.339259463553,East Harlem South
75,2026-06-04,0.0,4406.141102562311,3926.716423008899,5045.017277424297,East Harlem South
75,2026-06-05,0.0,4722.565536706839,4208.711255510758,5407.322228650216,East Harlem South
75,2026-06-06,0.0,4324.44840615366,3853.91256921466,4951.479404889677,East Harlem South
75,2026-06-07,0.0,3499.2399521326315,3118.4936360974743,4006.6184004176116,East Harlem South
76,2026-06-01,0.0,6850.126054679726,6104.775551320791,7843.372124033067,East New York
76,2026-06-02,0.0,7415.440086975034,6608.5787303611705,8490.6548582246,East New York
76,2026-06-03,0.0,7831.444894448388,6979.318766036905,8966.979014065671,East New York
76,2026-06-04,0.0,8375.37655781361,7464.0661551499525,9589.779005155351,East New York
76,2026-06-05,0.0,9300.549439246264,8288.572557255737,10649.098954922247,East New York
76,2026-06-06,0.0,8882.261251248614,7915.797591786329,10170.160335783732,East New York
76,2026-06-07,0.0,7515.411604792834,6697.672518260971,8605.12192201151,East New York
77,2026-06-01,0.0,1722.388416779364,1534.9782781660651,1972.1291531118159,East New York/Pennsylvania Avenue
77,2026-06-02,0.0,1833.2590352457394,1633.7852542086382,2099.075651805719,East New York/Pennsylvania Avenue
77,2026-06-03,0.0,1926.7649671755892,1717.11696556581,2206.1396407127977,East New York/Pennsylvania Avenue
77,2026-06-04,0.0,2015.6572061957352,1796.3369920500852,2307.9209661961713,East New York/Pennsylvania Avenue
77,2026-06-05,0.0,2268.584001615969,2021.7432553261485,2597.521326946442,East New York/Pennsylvania Avenue
77,2026-06-06,0.0,2303.0229354970916,2052.4349476968896,2636.9537945869583,East New York/Pennsylvania Avenue
77,2026-06-07,0.0,2109.678369699312,1880.1278735144126,2415.5748935847514,East New York/Pennsylvania Avenue
78,2026-06-01,0.0,2874.1891010486365,2561.4534993801317,3290.9372023838673,East Tremont
78,2026-06-02,0.0,3117.7662092000764,2778.5273988726067,3569.8322015236918,East Tremont
78,2026-06-03,0.0,3185.7502644415854,2839.114225305454,3647.6737243662824,East Tremont
78,2026-06-04,0.0,3315.6488254990113,2954.8787460405697,3796.4071556370527,East Tremont
78,2026-06-05,0.0,3594.2943842516506,3203.2053579859266,4115.455417020946,East Tremont
78,2026-06-06,0.0,3321.41229649957,2960.015103616197,3803.006311247127,East Tremont
78,2026-06-07,0.0,2910.7206837669432,2594.0101430461877,3332.7657461584495,East Tremont
79,2026-06-01,0.0,4798.816416880772,4276.665407790118,5494.629239238821,East Village
79,2026-06-02,0.0,5725.668144493614,5102.66798369379,6555.871462439099,East Village
79,2026-06-03,0.0,6408.309188235956,5711.0320226766025,7337.4932443553225,East Village
79,2026-06-04,0.0,6792.427192426326,6053.354803613098,7777.307113816565,East Village
79,2026-06-05,0.0,8632.119902724065,7692.873695691913,9883.749302698412,East Village
79,2026-06-06,0.0,12351.293722328044,11007.370571193904,14142.191268330138,East Village
79,2026-06-07,0.0,9693.477254164383,8638.746568478104,11099.000029104756,East Village
80,2026-06-01,0.0,3198.0099767111997,2850.039979245214,3661.7110551681685,East Williamsburg
80,2026-06-02,0.0,3532.063511210054,3147.7457198348666,4044.201269145046,East Williamsburg
80,2026-06-03,0.0,3880.06039390747,3457.8776567465534,4442.656571603992,East Williamsburg
80,2026-06-04,0.0,4320.058747252736,3850.0005415931114,4946.453259679693,East Williamsburg
80,2026-06-05,0.0,5927.153377924969,5282.2299533839105,6786.571401489151,East Williamsburg
80,2026-06-06,0.0,9198.56056513701,8197.68091815319,10532.322024722027,East Williamsburg
80,2026-06-07,0.0,7415.979676438679,6609.05960801789,8491.272686411088,East Williamsburg
81,2026-06-01,0.0,1845.9462075651084,1645.0919570010292,2113.60242297872,Eastchester
81,2026-06-02,0.0,2006.1126492515305,1787.8309620272705,2296.992479439161,Eastchester
81,2026-06-03,0.0,2035.2924623461306,1813.835769551992,2330.4032708295367,Eastchester
81,2026-06-04,0.0,2164.2071024969887,1928.7234281320314,2478.0101158522257,Eastchester
81,2026-06-05,0.0,2359.817601720567,2103.04988339864,2701.9835032806614,Eastchester
81,2026-06-06,0.0,2289.2001323755553,2040.1161801481633,2621.1267298272683,Eastchester
81,2026-06-07,0.0,1978.6477435358654,1763.3544657418074,2265.5452514378194,Eastchester
82,2026-06-01,0.0,4547.800903363635,4052.9624631012707,5207.217290071091,Elmhurst
82,2026-06-02,0.0,4829.943125412203,4304.405272388077,5530.269219592401,Elmhurst
82,2026-06-03,0.0,4970.836863919826,4429.968604115078,5691.5920933965335,Elmhurst
82,2026-06-04,0.0,5074.244981269271,4522.1250610275365,5809.994052505489,Elmhurst
82,2026-06-05,0.0,5735.236616649498,5111.1953267549925,6566.827332035947,Elmhurst
82,2026-06-06,0.0,6765.952902621268,6029.7611360148085,7746.994137821224,Elmhurst
82,2026-06-07,0.0,5902.1561959024275,5259.952671995946,6757.949709115907,Elmhurst
83,2026-06-01,0.0,1558.6416105992848,1389.0484819848548,1784.6395909139233,Elmhurst/Maspeth
83,2026-06-02,0.0,1633.8738005410746,1456.0947859744292,1870.780204489389,Elmhurst/Maspeth
83,2026-06-03,0.0,1686.4820629257913,1502.978833281016,1931.0164943603197,Elmhurst/Maspeth
83,2026-06-04,0.0,1719.2093728826637,1532.145140600094,1968.4891581567708,Elmhurst/Maspeth
83,2026-06-05,0.0,1870.190434699536,1666.6982112348194,2141.361984446204,Elmhurst/Maspeth
83,2026-06-06,0.0,2185.5996826839146,1947.7883182468047,2502.504550810054,Elmhurst/Maspeth
83,2026-06-07,0.0,1868.6609484337337,1665.3351457544154,2139.6107276305593,Elmhurst/Maspeth
84,2026-06-01,0.0,307.5,274.04145077720204,352.0865030640567,Eltingville/Annadale/Prince's Bay
84,2026-06-02,0.0,345.75,308.12953367875645,395.8826290549516,Eltingville/Annadale/Prince's Bay
84,2026-06-03,0.0,341.75,304.5647668393782,391.30264202322405,Eltingville/Annadale/Prince's Bay
84,2026-06-04,0.0,389.5,347.11917098445593,445.97623721447184,Eltingville/Annadale/Prince's Bay
84,2026-06-05,0.0,437.0,389.4507772020725,500.36358321623675,Eltingville/Annadale/Prince's Bay
84,2026-06-06,0.0,417.25,371.8497409326425,477.74989724708183,Eltingville/Annadale/Prince's Bay
84,2026-06-07,0.0,339.0,302.1139896373057,388.1539009389113,Eltingville/Annadale/Prince's Bay
85,2026-06-01,0.0,1793.5342567320452,1598.3828609218226,2053.590909197977,Erasmus
85,2026-06-02,0.0,1974.2130003079246,1759.4022593417774,2260.467484819567,Erasmus
85,2026-06-03,0.0,2049.068282187225,1826.1126659906877,2346.1765398854436,Erasmus
85,2026-06-04,0.0,2164.5782450670313,1929.0541873136235,2478.4350728916547,Erasmus
85,2026-06-05,0.0,2507.845973800034,2234.9715414176467,2871.475509393587,Erasmus
85,2026-06-06,0.0,2757.312290655593,2457.2938548847774,3157.113633406412,Erasmus
85,2026-06-07,0.0,2448.6587333149387,2182.2243633687535,2803.7063109272176,Erasmus
86,2026-06-01,0.0,1486.9483419207227,1325.1560352868617,1702.5510307114296,Far Rockaway
86,2026-06-02,0.0,1555.929388085178,1386.6313717650291,1781.5341049284812,Far Rockaway
86,2026-06-03,0.0,1639.6983767447716,1461.2856000005218,1877.4493253589492,Far Rockaway
86,2026-06-04,0.0,1704.5900340127064,1519.1165069957797,1951.750062547562,Far Rockaway
86,2026-06-05,0.0,1773.7180109212243,1580.722786934977,2030.9013719902057,Far Rockaway
86,2026-06-06,0.0,1466.3300140498634,1306.7811524174947,1678.943112145319,Far Rockaway
86,2026-06-07,0.0,1362.0469800374717,1213.844977028213,1559.5393762938293,Far Rockaway
87,2026-06-01,0.0,3252.547081634669,2898.642995031933,3724.1558634925327,Financial District North
87,2026-06-02,0.0,3696.5879914359325,3294.368572678655,4232.581265604106,Financial District North
87,2026-06-03,0.0,4094.2470428522283,3648.759022645509,4687.899590238037,Financial District North
87,2026-06-04,0.0,4530.461925632107,4037.5101098897526,5187.364216782637,Financial District North
87,2026-06-05,0.0,4748.145336231169,4231.507760786326,5436.611016174121,Financial District North
87,2026-06-06,0.0,5362.577436598598,4779.08455489616,6140.13377906411,Financial District North
87,2026-06-07,0.0,3983.837671391668,3550.3631061107094,4561.481217870398,Financial District North
88,2026-06-01,0.0,1428.5057746917562,1273.0725038703733,1635.6344807090463,Financial District South
88,2026-06-02,0.0,1860.3039571126042,1657.8874643697818,2130.0419996618007,Financial District South
88,2026-06-03,0.0,2012.5695466435789,1793.5852954543811,2304.3856060193552,Financial District South
88,2026-06-04,0.0,2159.2255091825205,1924.28387346836,2472.3062076578244,Financial District South
88,2026-06-05,0.0,1945.4767084441703,1733.7927142611259,2227.564523800583,Financial District South
88,2026-06-06,0.0,2234.8249930681372,1991.6575067757492,2558.86737160818,Financial District South
88,2026-06-07,0.0,1725.1369234803783,1537.4277245524613,1975.2761843736314,Financial District South
89,2026-06-01,0.0,4477.791467668431,3990.570634398809,5127.0567131754415,Flatbush/Ditmas Park
89,2026-06-02,0.0,5120.9451426305395,4563.743857681102,5863.465585859037,Flatbush/Ditmas Park
89,2026-06-03,0.0,5266.831181691317,4693.756286274127,6030.504627611153,Flatbush/Ditmas Park
89,2026-06-04,0.0,5477.996811903305,4881.945345323152,6272.288589590523,Flatbush/Ditmas Park
89,2026-06-05,0.0,5956.110905202933,5308.03666163163,6819.727676340144,Flatbush/Ditmas Park
89,2026-06-06,0.0,6331.0829548687725,5642.2086437172475,7249.069457522606,Flatbush/Ditmas Park
89,2026-06-07,0.0,5571.3054886836935,4965.1012645264,6379.126721990983,Flatbush/Ditmas Park
90,2026-06-01,0.0,3367.3221669658956,3000.929599575824,3855.5729640881427,Flatiron
90,2026-06-02,0.0,3715.46596042969,3311.1924621445937,4254.196478898298,Flatiron
90,2026-06-03,0.0,4112.924896073258,3665.4045705937847,4709.285671621244,Flatiron
90,2026-06-04,0.0,4359.1737765565285,3884.8595314389786,4991.2398414189465,Flatiron
90,2026-06-05,0.0,4878.859091135473,4347.998775519696,5586.277841756653,Flatiron
90,2026-06-06,0.0,5523.040682174427,4922.08806908809,6323.863675015663,Flatiron
90,2026-06-07,0.0,4338.349574993245,3866.3011756416486,4967.396198142466,Flatiron
91,2026-06-01,0.0,2953.7289353823357,2632.338740340734,3382.0100548223927,Flatlands
91,2026-06-02,0.0,3361.57232010213,2995.8053837179605,3848.9894080705267,Flatlands
91,2026-06-03,0.0,3418.798895855818,3046.8052336124388,3914.513651776043,Flatlands
91,2026-06-04,0.0,3519.1562949019126,3136.2429156638805,4029.4225483182986,Flatlands
91,2026-06-05,0.0,3856.2128911941404,3436.6249600279384,4415.3512583124575,Flatlands
91,2026-06-06,0.0,3672.49136574382,3272.8938596266166,4204.990707309539,Flatlands
91,2026-06-07,0.0,3468.8085077771475,3091.373385169271,3971.774495291397,Flatlands
92,2026-06-01,0.0,3217.676490468759,2867.5666132674946,3684.2291496603966,Flushing
92,2026-06-02,0.0,3535.609048037041,3150.905472862026,4048.260897317074,Flushing
92,2026-06-03,0.0,3675.2796074100133,3275.378717484571,4208.183234977661,Flushing
92,2026-06-04,0.0,3692.2632525888584,3290.5144012708997,4227.629453645304,Flushing
92,2026-06-05,0.0,4100.719337874338,3654.5270783128813,4695.310347054731,Flushing
92,2026-06-06,0.0,4795.221190844383,4273.461372151471,5490.512717083125,Flushing
92,2026-06-07,0.0,4115.551751696227,3667.745602547933,4712.2934127930985,Flushing
93,2026-06-01,0.0,522.5,465.64766839378234,598.2608060194135,Flushing Meadows-Corona Park
93,2026-06-02,0.0,564.75,503.300518134715,646.6369190420359,Flushing Meadows-Corona Park
93,2026-06-03,0.0,643.25,573.2590673575129,736.5191645396894,Flushing Meadows-Corona Park
93,2026-06-04,0.0,428.75,382.0984455958549,490.9173599632986,Flushing Meadows-Corona Park
93,2026-06-05,0.0,618.0,550.7564766839378,707.6079964019092,Flushing Meadows-Corona Park
93,2026-06-06,0.0,831.5,741.0259067357513,952.064804220368,Flushing Meadows-Corona Park
93,2026-06-07,0.0,616.0,548.9740932642487,705.3180028860454,Flushing Meadows-Corona Park
94,2026-06-01,0.0,1341.737573633133,1195.7454024088024,1536.2851718053403,Fordham South
94,2026-06-02,0.0,1416.0518590898566,1261.9736775308565,1621.3747877213139,Fordham South
94,2026-06-03,0.0,1502.8151124975323,1339.29636968692,1720.7184315807258,Fordham South
94,2026-06-04,0.0,1553.3430200361038,1384.3264220010872,1778.5727218974725,Fordham South
94,2026-06-05,0.0,1725.3281561321087,1537.5981495063352,1975.4951451398733,Fordham South
94,2026-06-06,0.0,1777.171921716927,1583.80088360265,2034.8560886534713,Fordham South
94,2026-06-07,0.0,1530.1126968027336,1363.6237505184981,1751.9740771095537,Fordham South
95,2026-06-01,0.0,4192.077228758874,3735.9444732980637,4799.91483592902,Forest Hills
95,2026-06-02,0.0,4888.034282358634,4356.175629874016,5596.7834059605775,Forest Hills
95,2026-06-03,0.0,5113.835361564667,4557.407679736387,5855.324909589008,Forest Hills
95,2026-06-04,0.0,5228.3541757834555,4659.465897589401,5986.448580591725,Forest Hills
95,2026-06-05,0.0,5523.502174523863,4922.499347244064,6324.392082259577,Forest Hills
95,2026-06-06,0.0,5281.602561953404,4706.92041790666,6047.417810121421,Forest Hills
95,2026-06-07,0.0,4487.831768513932,3999.5184672766645,5138.552825092201,Forest Hills
96,2026-06-01,0.0,108.0,96.24870466321244,123.65964985664432,Forest Park/Highland Park
96,2026-06-02,0.0,113.75,101.37305699481864,130.2433812147527,Forest Park/Highland Park
96,2026-06-03,0.0,100.75,89.78756476683937,115.3584233616381,Forest Park/Highland Park
96,2026-06-04,0.0,98.0,87.33678756476684,112.2096822773254,Forest Park/Highland Park
96,2026-06-05,0.0,120.0,106.94300518134715,137.39961095182701,Forest Park/Highland Park
96,2026-06-06,0.0,157.5,140.36269430051811,180.33698937427297,Forest Park/Highland Park
96,2026-06-07,0.0,157.75,140.58549222797927,180.62323856375593,Forest Park/Highland Park
97,2026-06-01,0.0,3389.115882342975,3020.351978046589,3880.526697538189,Fort Greene
97,2026-06-02,0.0,4029.17360788942,3590.7661168755453,4613.39071817813,Fort Greene
97,2026-06-03,0.0,4203.367466019159,3746.006239146608,4812.842120988329,Fort Greene
97,2026-06-04,0.0,4530.944401031057,4037.9400879655013,5187.916649550218,Fort Greene
97,2026-06-05,0.0,5194.423212510054,4629.226904413105,5947.597737650174,Fort Greene
97,2026-06-06,0.0,6144.784352503995,5476.18087373413,7035.758161807694,Fort Greene
97,2026-06-07,0.0,4907.392053765671,4373.427115273033,5618.947991462422,Fort Greene
98,2026-06-01,0.0,637.8167960946384,568.4170410791596,730.2981636828675,Fresh Meadows
98,2026-06-02,0.0,700.4918344506871,624.2725156762599,802.0608794038002,Fresh Meadows
98,2026-06-03,0.0,726.6700382257211,647.6023138591918,832.0348378546945,Fresh Meadows
98,2026-06-04,0.0,744.0637155210746,663.1034148685225,851.950541966388,Fresh Meadows
98,2026-06-05,0.0,794.0657385834153,707.6648032971369,909.2026962628037,Fresh Meadows
98,2026-06-06,0.0,721.0576428308513,642.6005936109141,825.6086633233367,Fresh Meadows
98,2026-06-07,0.0,618.3087110789842,551.0315974382656,707.9614695864836,Fresh Meadows
99,2026-06-01,0.0,16.0,14.259067357512953,18.31994812691027,Freshkills Park
99,2026-06-02,0.0,16.75,14.927461139896373,19.17869569535919,Freshkills Park
99,2026-06-03,0.0,22.5,20.05181347150259,25.762427053467565,Freshkills Park
99,2026-06-04,0.0,24.5,21.83419689119171,28.05242056933135,Freshkills Park
99,2026-06-05,0.0,32.0,28.518134715025905,36.63989625382054,Freshkills Park
99,2026-06-06,0.0,41.25,36.76165803108808,47.231116264690534,Freshkills Park
99,2026-06-07,0.0,29.5,26.290155440414505,33.77740435899081,Freshkills Park
100,2026-06-01,0.0,3058.517855670024,2725.725757384684,3501.9930288189794,Garment District
100,2026-06-02,0.0,3566.4440576008824,3178.385377758299,4083.5668832984716,Garment District
100,2026-06-03,0.0,3956.002461320147,3525.556597653188,4529.609992582153,Garment District
100,2026-06-04,0.0,4025.200474888983,3587.2252936834457,4608.841493773797,Garment District
100,2026-06-05,0.0,3557.1955290902088,3170.143165821326,4072.9773481381094,Garment District
100,2026-06-06,0.0,3833.3298921284595,3416.2318209642226,4389.150298570495,Garment District
100,2026-06-07,0.0,3378.5865283132775,3010.9683050253043,3868.4706213110685,Garment District
101,2026-06-01,0.0,674.968524393822,601.5263533457895,772.8367721369992,Glen Oaks
101,2026-06-02,0.0,737.4101507308828,657.1738130865898,844.3322318529285,Glen Oaks
101,2026-06-03,0.0,738.6474423873349,658.2764771534797,845.7489267881823,Glen Oaks
101,2026-06-04,0.0,771.5088747126034,687.5623132153771,883.375160261613,Glen Oaks
101,2026-06-05,0.0,791.3356234890446,705.2317473581122,906.0767233309682,Glen Oaks
101,2026-06-06,0.0,676.5801198770649,602.9625938800785,774.6820437404101,Glen Oaks
101,2026-06-07,0.0,559.6797150406593,498.781922212401,640.8314592017999,Glen Oaks
102,2026-06-01,0.0,1538.3735866996901,1370.9857871106046,1761.4327692592012,Glendale
102,2026-06-02,0.0,1678.2831231747764,1495.6720061453964,1921.628734926929,Glendale
102,2026-06-03,0.0,1706.2096735292982,1520.559916305903,1953.604544543078,Glendale
102,2026-06-04,0.0,1718.3886447354387,1531.413714479251,1967.5494270890547,Glendale
102,2026-06-05,0.0,2044.184377305252,1821.7601704482038,2340.5844846295367,Glendale
102,2026-06-06,0.0,2154.9750976058444,1920.495941907799,2467.4395001826542,Glendale
102,2026-06-07,0.0,1842.3277446681918,1641.867212864917,2109.459294693054,Glendale
105,2026-06-01,0.0,0.0,0.0,0.0,Governor's Island/Ellis Island/Liberty Island
105,2026-06-02,0.0,0.0,0.0,0.0,Governor's Island/Ellis Island/Liberty Island
105,2026-06-03,0.0,0.0,0.0,0.0,Governor's Island/Ellis Island/Liberty Island
105,2026-06-04,0.0,0.0,0.0,0.0,Governor's Island/Ellis Island/Liberty Island
105,2026-06-05,0.0,0.25,0.22279792746113988,0.28624918948297295,Governor's Island/Ellis Island/Liberty Island
105,2026-06-06,0.0,0.0,0.0,0.0,Governor's Island/Ellis Island/Liberty Island
105,2026-06-07,0.0,0.25,0.22279792746113988,0.28624918948297295,Governor's Island/Ellis Island/Liberty Island
106,2026-06-01,0.0,1227.956472406235,1094.3446282584061,1406.0061797866217,Gowanus
106,2026-06-02,0.0,1439.094122140757,1282.5087513378767,1647.7581042100087,Gowanus
106,2026-06-03,0.0,1533.8277232309363,1366.9345512731659,1756.2277703254772,Gowanus
106,2026-06-04,0.0,1614.5291937939278,1438.8550328111687,1848.6306924804385,Gowanus
106,2026-06-05,0.0,1700.7564429489212,1515.7000424208002,1947.3606132082912,Gowanus
106,2026-06-06,0.0,2177.1149711417365,1940.226813659993,2492.7895836022726,Gowanus
106,2026-06-07,0.0,1728.719430043581,1540.6204247020514,1979.378142773768,Gowanus
107,2026-06-01,0.0,3688.240763041433,3286.9295919332976,4223.0237161546875,Gramercy
107,2026-06-02,0.0,4260.26085507714,3796.709155820042,4877.984867007474,Gramercy
107,2026-06-03,0.0,4640.143539655788,4135.257455030029,5312.94930924449,Gramercy
107,2026-06-04,0.0,4938.015067980919,4400.7180916721145,5654.011243456983,Gramercy
107,2026-06-05,0.0,5310.147630266009,4732.359546143801,6080.101820794299,Gramercy
107,2026-06-06,0.0,5941.134648153707,5294.689945504857,6802.579910572825,Gramercy
107,2026-06-07,0.0,4279.230449858379,3813.6147014281923,4899.704991531275,Gramercy
108,2026-06-01,0.0,1007.3017938101224,897.6990079551349,1153.357288171569,Gravesend
108,2026-06-02,0.0,1098.4543209821086,978.9333845021899,1257.726636260792,Gravesend
108,2026-06-03,0.0,1132.5325078394746,1009.3035821160084,1296.7460497286734,Gravesend
108,2026-06-04,0.0,1154.5072221200344,1028.8872653090461,1321.9070263363938,Gravesend
108,2026-06-05,0.0,1259.460329060144,1122.4206041365012,1442.0779935176986,Gravesend
108,2026-06-06,0.0,1138.1696841780865,1014.3273869359112,1303.2005983602744,Gravesend
108,2026-06-07,0.0,1014.620289911511,904.2211910092221,1161.7369424805963,Gravesend
109,2026-06-01,0.0,458.75,408.8341968911917,525.2672627012554,Great Kills
109,2026-06-02,0.0,503.75,448.9378238341969,576.7921168081905,Great Kills
109,2026-06-03,0.0,505.0,450.05181347150256,578.2233627556054,Great Kills
109,2026-06-04,0.0,518.0,461.63730569948183,593.10832060872,Great Kills
109,2026-06-05,0.0,614.25,547.4145077720207,703.3142585596645,Great Kills
109,2026-06-06,0.0,600.5,535.160621761658,687.570553138101,Great Kills
109,2026-06-07,0.0,464.5,413.9585492227979,531.8509940593638,Great Kills
110,2026-06-01,0.0,1.25,1.1139896373056994,1.4312459474148649,Great Kills Park
110,2026-06-02,0.0,2.25,2.005181347150259,2.5762427053467567,Great Kills Park
110,2026-06-03,0.0,3.0,2.6735751295336785,3.4349902737956755,Great Kills Park
110,2026-06-04,0.0,1.5,1.3367875647668392,1.7174951368978377,Great Kills Park
110,2026-06-05,0.0,2.5,2.227979274611399,2.8624918948297298,Great Kills Park
110,2026-06-06,0.0,2.25,2.005181347150259,2.5762427053467567,Great Kills Park
110,2026-06-07,0.0,3.5,3.1191709844559585,4.007488652761621,Great Kills Park
111,2026-06-01,0.0,22.5,20.05181347150259,25.762427053467565,Green-Wood Cemetery
111,2026-06-02,0.0,31.25,27.849740932642487,35.78114868537162,Green-Wood Cemetery
111,2026-06-03,0.0,33.25,29.632124352331605,38.0711422012354,Green-Wood Cemetery
111,2026-06-04,0.0,26.25,23.393782383419687,30.05616489571216,Green-Wood Cemetery
111,2026-06-05,0.0,38.25,34.0880829015544,43.796125990894865,Green-Wood Cemetery
111,2026-06-06,0.0,50.5,45.005181347150256,57.82233627556054,Green-Wood Cemetery
111,2026-06-07,0.0,44.75,39.88082901554404,51.23860491745216,Green-Wood Cemetery
112,2026-06-01,0.0,4532.546862182756,4039.3681880592435,5189.751462373625,Greenpoint
112,2026-06-02,0.0,5206.113024097535,4639.644767589513,5960.982534018675,Greenpoint
112,2026-06-03,0.0,5695.148687419186,5075.469296560103,6520.926783035037,Greenpoint
112,2026-06-04,0.0,6252.327158907588,5572.02213125443,7158.894326478704,Greenpoint
112,2026-06-05,0.0,7711.316672402568,6872.261490431303,8829.432589287084,Greenpoint
112,2026-06-06,0.0,10686.460744267144,9523.685222870201,12235.962905952312,Greenpoint
112,2026-06-07,0.0,7981.068937905581,7112.662473159377,9138.298058732818,Greenpoint
113,2026-06-01,0.0,3030.796288382774,2701.020526434389,3470.2519241502873,Greenwich Village North
113,2026-06-02,0.0,3408.078660112436,3037.2514483903574,3902.2390166056052,Greenwich Village North
113,2026-06-03,0.0,3764.213079058725,3354.6354901455993,4310.011771687064,Greenwich Village North
113,2026-06-04,0.0,3723.985357774439,3318.784878431106,4263.951161237569,Greenwich Village North
113,2026-06-05,0.0,3911.681997390951,3486.0585676230235,4478.863205073186,Greenwich Village North
113,2026-06-06,0.0,4263.663518810746,3799.74158153082,4881.880905950786,Greenwich Village North
113,2026-06-07,0.0,3323.281043635909,2961.680515571898,3805.14602065963,Greenwich Village North
114,2026-06-01,0.0,2687.9292620275937,2395.4602749675964,3077.6702905718575,Greenwich Village South
114,2026-06-02,0.0,3172.4702864274864,2827.279218992371,3632.468192594732,Greenwich Village South
114,2026-06-03,0.0,3520.2984452839983,3137.260790615791,4030.7303068028573,Greenwich Village South
114,2026-06-04,0.0,3620.2435397984123,3226.3310302866676,4145.167115993057,Greenwich Village South
114,2026-06-05,0.0,4230.113036252855,3769.841669613943,4843.465712194949,Greenwich Village South
114,2026-06-06,0.0,5597.655717980936,4988.584370428606,6409.297649107088,Greenwich Village South
114,2026-06-07,0.0,4176.156752448196,3721.756276793211,4781.685942168563,Greenwich Village South
115,2026-06-01,0.0,544.75,485.4766839378238,623.736983883398,Grymes Hill/Clifton
115,2026-06-02,0.0,588.5,524.4663212435233,673.8305920429183,Grymes Hill/Clifton
115,2026-06-03,0.0,609.75,543.4041450777202,698.1617731489711,Grymes Hill/Clifton
115,2026-06-04,0.0,648.25,577.7150259067357,742.2441483293488,Grymes Hill/Clifton
115,2026-06-05,0.0,745.0,663.9378238341968,853.0225846592595,Grymes Hill/Clifton
115,2026-06-06,0.0,640.0,570.3626943005181,732.7979250764108,Grymes Hill/Clifton
115,2026-06-07,0.0,505.0,450.05181347150256,578.2233627556054,Grymes Hill/Clifton
116,2026-06-01,0.0,2546.7384039179265,2269.6321527144214,2916.0072157866666,Hamilton Heights
116,2026-06-02,0.0,2833.0741906289704,2524.8122320631237,3243.8607632506896,Hamilton Heights
116,2026-06-03,0.0,2861.4889722471844,2550.1352498783194,3276.395596080887,Hamilton Heights
116,2026-06-04,0.0,2995.9011614570354,2669.9222786041973,3430.2971169526945,Hamilton Heights
116,2026-06-05,0.0,3323.3184925586793,2961.7138897414134,3805.1888995547897,Hamilton Heights
116,2026-06-06,0.0,3656.9095885986703,3259.0075090102137,4187.1496229955255,Hamilton Heights
116,2026-06-07,0.0,3197.255279919281,2849.3673997208098,3660.8469297881998,Hamilton Heights
117,2026-06-01,0.0,1036.9258748658558,924.0997434037678,1187.2767649370955,Hammels/Arverne
117,2026-06-02,0.0,1132.1742553820427,1008.9843104959136,1296.3358518263926,Hammels/Arverne
117,2026-06-03,0.0,1148.5805663906658,1023.6054788559301,1315.1210247408883,Hammels/Arverne
117,2026-06-04,0.0,1249.6846777751953,1113.7086247530237,1430.8849044897595,Hammels/Arverne
117,2026-06-05,0.0,1380.456309141438,1230.251218509468,1580.6179984335718,Hammels/Arverne
117,2026-06-06,0.0,1326.0981737062962,1181.8076988470618,1518.3781095931117,Hammels/Arverne
117,2026-06-07,0.0,1124.4357325910603,1002.0878031381469,1287.4752683195356,Hammels/Arverne
118,2026-06-01,0.0,650.7971394527276,579.9850154708246,745.1606147447224,Heartland Village/Todt Hill
118,2026-06-02,0.0,735.5751833048477,655.5385053286725,842.2312000992076,Heartland Village/Todt Hill
118,2026-06-03,0.0,746.6878048484925,665.4419815230088,854.955115738805,Heartland Village/Todt Hill
118,2026-06-04,0.0,811.4555526416874,723.1624614216074,929.1139769805636,Heartland Village/Todt Hill
118,2026-06-05,0.0,940.3953129384677,838.0725068674426,1076.7495844888924,Heartland Village/Todt Hill
118,2026-06-06,0.0,857.9949572380224,764.6379929789629,982.4014443594477,Heartland Village/Todt Hill
118,2026-06-07,0.0,674.5603524995785,601.1625939374482,772.3694166414115,Heartland Village/Todt Hill
119,2026-06-01,0.0,2122.4075291241716,1891.4719948671373,2430.149739857414,Highbridge
119,2026-06-02,0.0,2316.04934557596,2064.043976368213,2651.868991894754,Highbridge
119,2026-06-03,0.0,2399.7377196650614,2138.6263615667904,2747.6919089033663,Highbridge
119,2026-06-04,0.0,2461.0653538988695,2193.2810407803395,2817.9118512727096,Highbridge
119,2026-06-05,0.0,2660.4319874174566,2370.954931791723,3046.1860002912877,Highbridge
119,2026-06-06,0.0,2635.1002538654834,2348.379500854213,3017.1812475014835,Highbridge
119,2026-06-07,0.0,2392.210404996445,2131.9180811367282,2739.0731580118677,Highbridge
120,2026-06-01,0.0,65.75,58.59585492227979,75.28353683402189,Highbridge Park
120,2026-06-02,0.0,65.0,57.92746113989637,74.42478926557297,Highbridge Park
120,2026-06-03,0.0,67.0,59.70984455958549,76.71478278143675,Highbridge Park
120,2026-06-04,0.0,65.25,58.15025906735751,74.71103845505594,Highbridge Park
120,2026-06-05,0.0,80.0,71.29533678756476,91.59974063455135,Highbridge Park
120,2026-06-06,0.0,80.0,71.29533678756476,91.59974063455135,Highbridge Park
120,2026-06-07,0.0,88.75,79.09326424870466,101.6184622664554,Highbridge Park
121,2026-06-01,0.0,1400.9605761225412,1248.5244512594666,1604.095317650705,Hillcrest/Pomonok
121,2026-06-02,0.0,1599.2067045961278,1425.1997574639065,1831.086492025511,Hillcrest/Pomonok
121,2026-06-03,0.0,1647.310224391664,1468.069215520032,1886.1648662365124,Hillcrest/Pomonok
121,2026-06-04,0.0,1675.573034523243,1493.2567976062062,1918.5256922072151,Hillcrest/Pomonok
121,2026-06-05,0.0,1753.9378366757321,1563.0948596281135,2008.2531366077892,Hillcrest/Pomonok
121,2026-06-06,0.0,1478.8358563771171,1317.9262554241666,1693.262261065232,Hillcrest/Pomonok
121,2026-06-07,0.0,1294.2791327095563,1153.4508332955631,1481.9454108113428,Hillcrest/Pomonok
122,2026-06-01,0.0,828.8888961935049,738.6989126698593,949.0750988273076,Hollis
122,2026-06-02,0.0,905.7068785893044,807.1584617479812,1037.031439621367,Hollis
122,2026-06-03,0.0,953.8073535050368,850.0252062324679,1092.1063274548649,Hollis
122,2026-06-04,0.0,963.0650399129155,858.2755796115101,1102.7063483778363,Hollis
122,2026-06-05,0.0,1056.8489231236017,941.8549988459041,1210.0885906003352,Hollis
122,2026-06-06,0.0,993.3312838584251,885.2486053038814,1137.3610995702204,Hollis
122,2026-06-07,0.0,871.0275919512445,776.2525689928189,997.3237688533977,Hollis
123,2026-06-01,0.0,1932.590833321298,1722.3089291775298,2212.8102385617794,Homecrest
123,2026-06-02,0.0,2247.5080266129007,2002.9605211265227,2573.3894038976755,Homecrest
123,2026-06-03,0.0,2358.880947126118,2102.215144589079,2700.9110368067154,Homecrest
123,2026-06-04,0.0,2315.9427330707344,2063.94896418739,2651.7469209219157,Homecrest
123,2026-06-05,0.0,2121.6508921738873,1890.797686289682,2429.2833930024067,Homecrest
123,2026-06-06,0.0,1546.3126122204,1378.0609808389056,1770.5229277415526,Homecrest
123,2026-06-07,0.0,1815.2034381727904,1617.6942557809323,2078.402051694668,Homecrest
124,2026-06-01,0.0,993.2734594538263,885.1970726738762,1137.2948908144256,Howard Beach
124,2026-06-02,0.0,1094.9858370277038,975.8423003562956,1253.7552333780598,Howard Beach
124,2026-06-03,0.0,1099.8516675176263,980.1786881504233,1259.3265935136671,Howard Beach
124,2026-06-04,0.0,1193.3117003137631,1063.4694945801411,1366.3380280614522,Howard Beach
124,2026-06-05,0.0,1312.5311717174798,1169.716899147184,1502.8439363010616,Howard Beach
124,2026-06-06,0.0,1230.13660429175,1096.287543721145,1408.5024237274004,Howard Beach
124,2026-06-07,0.0,1016.7424109167707,906.1124076563966,1164.1667641515578,Howard Beach
125,2026-06-01,0.0,1933.9490637775918,1723.5193729002372,2214.36540803076,Hudson Sq
125,2026-06-02,0.0,2451.1953452318885,2184.484970880232,2806.6107233482567,Hudson Sq
125,2026-06-03,0.0,2638.8033511836866,2351.6796704849435,3021.4212819251325,Hudson Sq
125,2026-06-04,0.0,2765.2059291448063,2464.328600066874,3166.151823884848,Hudson Sq
125,2026-06-05,0.0,2405.7953769248074,2144.0248954977556,2754.627906826438,Hudson Sq
125,2026-06-06,0.0,2426.3234942812883,2162.3193835045677,2778.132534646054,Hudson Sq
125,2026-06-07,0.0,1929.1925617620404,1719.2804177361188,2208.9192286438574,Hudson Sq
126,2026-06-01,0.0,1948.4531946371121,1736.4453340807422,2230.9725908415307,Hunts Point
126,2026-06-02,0.0,2163.050216016148,1927.692420491075,2476.6854845823677,Hunts Point
126,2026-06-03,0.0,2269.6745496281483,2022.71514267379,2598.7700008847564,Hunts Point
126,2026-06-04,0.0,2383.271269296525,2123.951597507784,2728.837876616746,Hunts Point
126,2026-06-05,0.0,2673.4340906339544,2382.542298388809,3061.0733663204733,Hunts Point
126,2026-06-06,0.0,2537.0510761195937,2260.9988864900006,2904.9152568645522,Hunts Point
126,2026-06-07,0.0,1880.3492466385458,1675.751660216735,2152.99379118081,Hunts Point
127,2026-06-01,0.0,2300.993489253269,2050.62632202882,2634.6300852173845,Inwood
127,2026-06-02,0.0,2404.94877380889,2143.2704098193217,2753.6585490034577,Inwood
127,2026-06-03,0.0,2500.4574357300507,2228.3869375418067,2863.0156572575997,Inwood
127,2026-06-04,0.0,2559.2456081291775,2280.7784694208212,2930.327924059341,Inwood
127,2026-06-05,0.0,2930.655376467728,2611.7757759194255,3355.5909046712163,Inwood
127,2026-06-06,0.0,3427.885850028185,3054.9034518385893,3924.918184842879,Inwood
127,2026-06-07,0.0,3214.024571424307,2864.3120532900557,3680.0477141942697,Inwood
128,2026-06-01,0.0,200.5,178.68393782383419,229.5718499653443,Inwood Hill Park
128,2026-06-02,0.0,200.0,178.2383419689119,228.99935158637837,Inwood Hill Park
128,2026-06-03,0.0,205.0,182.6943005181347,234.72433537603783,Inwood Hill Park
128,2026-06-04,0.0,218.0,194.27979274611397,249.60929322915243,Inwood Hill Park
128,2026-06-05,0.0,222.0,197.84455958549222,254.18928026088,Inwood Hill Park
128,2026-06-06,0.0,216.25,192.720207253886,247.6055489027716,Inwood Hill Park
128,2026-06-07,0.0,210.75,187.81865284974091,241.3080667341462,Inwood Hill Park
129,2026-06-01,0.0,4638.711490541575,4133.981224731351,5311.309617651516,Jackson Heights
129,2026-06-02,0.0,5082.7852064528715,4529.736038911367,5819.772582652719,Jackson Heights
129,2026-06-03,0.0,5248.272053834397,4677.216545386094,6009.254486384936,Jackson Heights
129,2026-06-04,0.0,5281.989279421399,4707.26505730819,6047.860600368512,Jackson Heights
129,2026-06-05,0.0,5994.403115729615,5342.162362204631,6863.57213324724,Jackson Heights
129,2026-06-06,0.0,7006.769465688432,6244.374860613525,8022.728321789429,Jackson Heights
129,2026-06-07,0.0,6209.342269037351,5533.714353753494,7109.676766937224,Jackson Heights
130,2026-06-01,0.0,4752.545984814852,4235.429582322044,5441.649744535235,Jamaica
130,2026-06-02,0.0,5414.535235373062,4825.388914425734,6199.625290210149,Jamaica
130,2026-06-03,0.0,5768.759588395799,5141.070721264649,6605.211026001705,Jamaica
130,2026-06-04,0.0,5955.586051184604,5307.5689160816155,6819.126720190769,Jamaica
130,2026-06-05,0.0,6329.2584046729435,5640.58261970853,7246.980353463698,Jamaica
130,2026-06-06,0.0,6287.856911002411,5603.685951774169,7199.575777437401,Jamaica
130,2026-06-07,0.0,5392.915476663104,4806.121564694579,6174.870736579976,Jamaica
131,2026-06-01,0.0,1058.9449536031982,943.722963832902,1212.4885387039994,Jamaica Estates
131,2026-06-02,0.0,1180.2658751663926,1051.8431633607229,1351.4006005631663,Jamaica Estates
131,2026-06-03,0.0,1213.0903261712522,1081.0960419764526,1388.9844905446248,Jamaica Estates
131,2026-06-04,0.0,1226.9159299821986,1093.4173054763635,1404.8147620846094,Jamaica Estates
131,2026-06-05,0.0,1299.9245642178364,1158.4819950542376,1488.40941158545,Jamaica Estates
131,2026-06-06,0.0,1149.6345362774855,1024.5447680814896,1316.3278168442548,Jamaica Estates
131,2026-06-07,0.0,991.6002697586247,883.7059398885152,1135.3790940380145,Jamaica Estates
132,2026-06-01,0.0,12379.544050136828,11032.547029137484,14174.53780208171,JFK Airport
132,2026-06-02,0.0,10836.389468968802,9657.300459391885,12407.630809656574,JFK Airport
132,2026-06-03,0.0,10372.00143463562,9243.441693043143,11875.908015922716,JFK Airport
132,2026-06-04,0.0,10997.24345157045,9800.652195181954,12591.808098235893,JFK Airport
132,2026-06-05,0.0,11493.910405610211,10243.277667175938,13160.490150383328,JFK Airport
132,2026-06-06,0.0,10612.450005928626,9457.727466423437,12151.220850502563,JFK Airport
132,2026-06-07,0.0,13569.138331188078,12092.703590488856,15536.61939713971,JFK Airport
133,2026-06-01,0.0,1197.936269170778,1067.5908720071182,1371.6331444095667,Kensington
133,2026-06-02,0.0,1325.3584841176428,1181.1484936177956,1517.5311674122277,Kensington
133,2026-06-03,0.0,1381.5994012264343,1231.2699326992056,1581.9268351649102,Kensington
133,2026-06-04,0.0,1366.9734901654433,1218.2354420127267,1565.1802144182755,Kensington
133,2026-06-05,0.0,1361.2966015906804,1213.1762459771867,1558.6801954050313,Kensington
133,2026-06-06,0.0,1357.1215797463146,1209.455501121068,1553.8998089289375,Kensington
133,2026-06-07,0.0,1342.304479061282,1196.2506238266349,1536.934276682625,Kensington
134,2026-06-01,0.0,1497.8983057223468,1334.914552249967,1715.0887037637608,Kew Gardens
134,2026-06-02,0.0,1701.1607678822563,1516.0603734494719,1947.823563946111,Kew Gardens
134,2026-06-03,0.0,1807.0215371145825,1610.402613387089,2069.0338015093007,Kew Gardens
134,2026-06-04,0.0,1849.2181970055572,1648.007926865056,2117.3488402800212,Kew Gardens
134,2026-06-05,0.0,1890.915592614765,1685.168300154091,2165.092223066768,Kew Gardens
134,2026-06-06,0.0,1674.9524900075476,1492.7037734782289,1917.8151707485913,Kew Gardens
134,2026-06-07,0.0,1427.5132045249186,1272.1879335662486,1634.4979910859975,Kew Gardens
135,2026-06-01,0.0,1229.7038609068704,1095.9018864040502,1408.0069339546967,Kew Gardens Hills
135,2026-06-02,0.0,1369.4998461869125,1220.4869095551758,1568.0728838722393,Kew Gardens Hills
135,2026-06-03,0.0,1416.866870653279,1262.7000090796062,1622.3079733191096,Kew Gardens Hills
135,2026-06-04,0.0,1498.7049998668977,1335.6334713839708,1716.0123659439141,Kew Gardens Hills
135,2026-06-05,0.0,1335.787570841332,1190.4428092471974,1529.4724378990422,Kew Gardens Hills
135,2026-06-06,0.0,1098.121592741099,978.636859852171,1257.3456635035636,Kew Gardens Hills
135,2026-06-07,0.0,1124.7374307933153,1002.3566740748716,1287.8207117829916,Kew Gardens Hills
136,2026-06-01,0.0,1689.6827306087955,1505.8312417860768,1934.681248480577,Kingsbridge Heights
136,2026-06-02,0.0,1824.456719440562,1625.9407033356304,2088.9970287464985,Kingsbridge Heights
136,2026-06-03,0.0,1817.2009398987484,1619.4744127595063,2080.6891846948533,Kingsbridge Heights
136,2026-06-04,0.0,1905.7499857239177,1698.388588313543,2182.0775550826347,Kingsbridge Heights
136,2026-06-05,0.0,2029.5032763512606,1808.6764949866156,2323.774671634346,Kingsbridge Heights
136,2026-06-06,0.0,2008.9051435039562,1790.319609754821,2300.1898763047316,Kingsbridge Heights
136,2026-06-07,0.0,1795.0800550521794,1599.7604635698178,2055.360843262947,Kingsbridge Heights
137,2026-06-01,0.0,2827.4835593668836,2519.829907829554,3237.4595085808073,Kips Bay
137,2026-06-02,0.0,3087.5451316319945,2751.5946250813627,3535.2291656870298,Kips Bay
137,2026-06-03,0.0,3292.0414297841985,2933.8400306885083,3769.376764080377,Kips Bay
137,2026-06-04,0.0,3398.254367197134,3028.4961199891554,3890.990233068611,Kips Bay
137,2026-06-05,0.0,3897.6290742169763,3473.5347189912945,4462.772653599519,Kips Bay
137,2026-06-06,0.0,4142.82485467707,3692.051165826197,4743.521027284906,Kips Bay
137,2026-06-07,0.0,3084.4510220285524,2748.837180253425,3531.686420222403,Kips Bay
138,2026-06-01,0.0,16676.830934496502,14862.253475302581,19094.917352576776,LaGuardia Airport
138,2026-06-02,0.0,14882.559471292438,13263.213622084451,17040.48234435841,LaGuardia Airport
138,2026-06-03,0.0,14651.087835060423,13056.928018810324,16775.448071319566,LaGuardia Airport
138,2026-06-04,0.0,15981.997850941449,14243.023991512586,18299.33572460242,LaGuardia Airport
138,2026-06-05,0.0,14731.13958154119,13128.269471632562,16867.107061506827,LaGuardia Airport
138,2026-06-06,0.0,9074.678960436919,8087.278659042227,10390.477988973022,LaGuardia Airport
138,2026-06-07,0.0,15393.393199916913,13718.464406143568,17625.385307475695,LaGuardia Airport
139,2026-06-01,0.0,1335.0579833963366,1189.7926069646107,1528.6370626398948,Laurelton
139,2026-06-02,0.0,1491.532016097724,1329.2409677140338,1707.7993227835123,Laurelton
139,2026-06-03,0.0,1525.3928414173836,1359.417454527409,1746.5698579954205,Laurelton
139,2026-06-04,0.0,1607.2576243708982,1432.3746704238056,1840.3047690659928,Laurelton
139,2026-06-05,0.0,1794.414150046805,1599.167014549484,2054.5983841907027,Laurelton
139,2026-06-06,0.0,1602.0433994959244,1427.7277964419636,1834.33449848902,Laurelton
139,2026-06-07,0.0,1334.1480218988156,1188.9816568217423,1527.5951596753905,Laurelton
140,2026-06-01,0.0,3526.1580652146113,3142.482835320793,4037.4395526261223,Lenox Hill East
140,2026-06-02,0.0,3883.0849502218816,3460.573116259915,4446.119678778176,Lenox Hill East
140,2026-06-03,0.0,4160.554515109733,3707.851692222145,4763.821430999538,Lenox Hill East
140,2026-06-04,0.0,4205.547137179728,3747.9487440150947,4815.337837400538,Lenox Hill East
140,2026-06-05,0.0,4139.574281266735,3689.154281750665,4739.799131268653,Lenox Hill East
140,2026-06-06,0.0,3418.008483800765,3046.1008249416145,3913.6086325355773,Lenox Hill East
140,2026-06-07,0.0,2661.2695269305887,2371.7013400624933,3047.1449803184637,Lenox Hill East
141,2026-06-01,0.0,3607.047892187124,3214.5711785294575,4130.058142259321,Lenox Hill West
141,2026-06-02,0.0,4059.866016478885,3618.118936965638,4648.533426506187,Lenox Hill West
141,2026-06-03,0.0,4196.394015522321,3739.7915578748143,4804.8575427778505,Lenox Hill West
141,2026-06-04,0.0,4435.693768287565,3953.0535137070524,5078.854983867958,Lenox Hill West
141,2026-06-05,0.0,4639.37021135254,4134.568271257185,5312.063850844454,Lenox Hill West
141,2026-06-06,0.0,4691.190868725437,4180.750411506607,5371.398335530321,Lenox Hill West
141,2026-06-07,0.0,3708.1369738466014,3304.6609300601835,4245.804813021735,Lenox Hill West
142,2026-06-01,0.0,3786.3327937711097,3374.348396521403,4335.338773319123,Lincoln Square East
142,2026-06-02,0.0,4312.633470922104,3843.383196883947,4937.95134235437,Lincoln Square East
142,2026-06-03,0.0,4711.912396844125,4199.217265581293,5395.124418045613,Lincoln Square East
142,2026-06-04,0.0,4770.469790464181,4251.403129325591,5462.172443893518,Lincoln Square East
142,2026-06-05,0.0,4630.997343061929,4127.106440448973,5302.4769437971145,Lincoln Square East
142,2026-06-06,0.0,4841.988673909284,4315.140165349207,5544.0613335690705,Lincoln Square East
142,2026-06-07,0.0,3782.454636189038,3370.89221463479,4330.898295460902,Lincoln Square East
143,2026-06-01,0.0,2923.737209170005,2605.610362576377,3347.669625544493,Lincoln Square West
143,2026-06-02,0.0,3182.307463031091,2836.0460292297807,3643.731727913063,Lincoln Square West
143,2026-06-03,0.0,3285.2801434629637,2927.8144283711385,3761.635113163114,Lincoln Square West
143,2026-06-04,0.0,3330.397706573196,2968.022826583366,3813.2945766501175,Lincoln Square West
143,2026-06-05,0.0,3381.236765434279,3013.330174376663,3871.505134222366,Lincoln Square West
143,2026-06-06,0.0,3215.93382873859,2866.013567580505,3682.2338076291812,Lincoln Square West
143,2026-06-07,0.0,2560.0800889456345,2281.5221518064723,2931.2834018887406,Lincoln Square West
144,2026-06-01,0.0,3230.7780646488663,2879.24262756272,3699.230409620424,Little Italy/NoLiTa
144,2026-06-02,0.0,3748.3566800872877,3340.504398834267,4291.856246272294,Little Italy/NoLiTa
144,2026-06-03,0.0,4205.989466674158,3748.34294439355,4815.844303237598,Little Italy/NoLiTa
144,2026-06-04,0.0,4448.89264406657,3964.8162423805697,5093.967653843265,Little Italy/NoLiTa
144,2026-06-05,0.0,5146.935982416106,4586.906678629897,5893.2250131494375,Little Italy/NoLiTa
144,2026-06-06,0.0,6415.738454962803,5717.652923593793,7345.999730671374,Little Italy/NoLiTa
144,2026-06-07,0.0,4895.282210752777,4362.634923572423,5605.082260473594,Little Italy/NoLiTa
145,2026-06-01,0.0,4317.286721874769,3847.5301355567885,4943.279299609016,Long Island City/Hunters Point
145,2026-06-02,0.0,5285.912329563366,4710.761247072015,6052.352480062268,Long Island City/Hunters Point
145,2026-06-03,0.0,5794.398328785669,5163.919754150958,6634.567300625563,Long Island City/Hunters Point
145,2026-06-04,0.0,5764.092940857501,5136.911843665752,6599.867729699943,Long Island City/Hunters Point
145,2026-06-05,0.0,6783.130831903361,6045.069964183305,7766.6628111572045,Long Island City/Hunters Point
145,2026-06-06,0.0,8930.473010367958,7958.763511830511,10225.362643669574,Long Island City/Hunters Point
145,2026-06-07,0.0,7235.04617689998,6447.813173195837,8284.104416038006,Long Island City/Hunters Point
146,2026-06-01,0.0,1290.4409107933486,1150.0302417432952,1477.5506591610617,Long Island City/Queens Plaza
146,2026-06-02,0.0,1497.9759687270475,1334.9837648759178,1715.1776276523544,Long Island City/Queens Plaza
146,2026-06-03,0.0,1579.3634469199321,1407.5156107265716,1808.3660263194597,Long Island City/Queens Plaza
146,2026-06-04,0.0,1615.4180748691424,1439.6471962564376,1849.6484584297461,Long Island City/Queens Plaza
146,2026-06-05,0.0,1965.216500733319,1751.3846535032687,2250.1665219739075,Long Island City/Queens Plaza
146,2026-06-06,0.0,2476.8806709785977,2207.375520250356,2836.020338054663,Long Island City/Queens Plaza
146,2026-06-07,0.0,2057.561461426932,1833.6817169193382,2355.9012025794423,Long Island City/Queens Plaza
147,2026-06-01,0.0,1322.4617776595767,1178.566972836514,1514.2144479090616,Longwood
147,2026-06-02,0.0,1434.240350529896,1278.1831103167983,1642.200551451831,Longwood
147,2026-06-03,0.0,1435.6577470268317,1279.4462823244303,1643.8234658455262,Longwood
147,2026-06-04,0.0,1556.621700976573,1387.2483552744588,1782.3268009446028,Longwood
147,2026-06-05,0.0,1721.1557620006956,1533.8797464462157,1970.7177673865913,Longwood
147,2026-06-06,0.0,1684.5469609527033,1501.2542864448963,1928.8008088748666,Longwood
147,2026-06-07,0.0,1438.233876143285,1281.7421072365025,1646.7731253318793,Longwood
148,2026-06-01,0.0,3996.2776423790433,3561.449505125365,4575.724944319709,Lower East Side
148,2026-06-02,0.0,4868.134178886968,4338.440822635018,5573.99785200301,Lower East Side
148,2026-06-03,0.0,5345.3250784507,4763.709396339484,6120.379884918087,Lower East Side
148,2026-06-04,0.0,5931.775797780526,5286.349415638603,6791.864057237563,Lower East Side
148,2026-06-05,0.0,7735.6261633280155,6893.925907214604,8857.266877583697,Lower East Side
148,2026-06-06,0.0,11324.109578199274,10091.952577462564,12966.06875350365,Lower East Side
148,2026-06-07,0.0,8772.755342927649,7818.2068341116865,10044.77642578184,Lower East Side
149,2026-06-01,0.0,1672.2607381402343,1490.3049065291207,1914.7331235873605,Madison
149,2026-06-02,0.0,1887.224390455042,1681.8787313899857,2160.865808561014,Madison
149,2026-06-03,0.0,1921.762146322087,1712.6584930953313,2200.4114270550235,Madison
149,2026-06-04,0.0,1899.0759641081343,1692.4407555782336,2174.4358219701953,Madison
149,2026-06-05,0.0,1825.3717962683004,1626.7562122183815,2090.0447887475175,Madison
149,2026-06-06,0.0,1529.6242490009613,1363.188449886867,1751.4148059601055,Madison
149,2026-06-07,0.0,1517.2913938688387,1352.1975116344054,1737.2937268177814,Madison
150,2026-06-01,0.0,689.6418867247105,614.6031322106228,789.6377244338265,Manhattan Beach
150,2026-06-02,0.0,767.5979167978847,684.0768999442289,878.897126128852,Manhattan Beach
150,2026-06-03,0.0,799.1562493303223,712.2014242736551,915.0313145642297,Manhattan Beach
150,2026-06-04,0.0,796.1067881306803,709.4837697330415,911.5396913772005,Manhattan Beach
150,2026-06-05,0.0,819.1003681115612,729.9754575916504,937.8672659085568,Manhattan Beach
150,2026-06-06,0.0,851.980240670959,759.2777274373314,975.5146133902809,Manhattan Beach
150,2026-06-07,0.0,828.2185042615783,738.1014649377796,948.3075022387079,Manhattan Beach
151,2026-06-01,0.0,1657.4573786836208,1477.1122753035377,1897.7833250030378,Manhattan Valley
151,2026-06-02,0.0,1765.5847059928933,1573.4744530092105,2021.5887642159953,Manhattan Valley
151,2026-06-03,0.0,1831.482062356453,1632.2016307010877,2097.0410236085536,Manhattan Valley
151,2026-06-04,0.0,1843.1814597427096,1642.6280366618967,2110.4367956855745,Manhattan Valley
151,2026-06-05,0.0,2012.6310002422483,1793.6400623920554,2304.455970190595,Manhattan Valley
151,2026-06-06,0.0,2087.2082797529256,1860.1027156347316,2389.846713445701,Manhattan Valley
151,2026-06-07,0.0,1839.6122338709897,1639.4471721544571,2106.3500436341283,Manhattan Valley
152,2026-06-01,0.0,1374.9714517242026,1225.3631590495484,1574.3378544731186,Manhattanville
152,2026-06-02,0.0,1482.4857945283495,1321.1790500459902,1697.4414284150448,Manhattanville
152,2026-06-03,0.0,1521.18347648254,1355.6661033937662,1741.7501487920727,Manhattanville
152,2026-06-04,0.0,1565.885661652895,1395.5043202295228,1792.9340058845999,Manhattanville
152,2026-06-05,0.0,1709.0860805718576,1523.1233464163704,1956.898021281301,Manhattanville
152,2026-06-06,0.0,1760.5142224022702,1568.9556800683442,2015.783076943585,Manhattanville
152,2026-06-07,0.0,1488.5686739185699,1326.6000617305388,1704.4063055957379,Manhattanville
153,2026-06-01,0.0,605.9230924750852,539.9936368171744,693.7799764400385,Marble Hill
153,2026-06-02,0.0,621.4763930958345,553.8546093911064,711.5884552259365,Marble Hill
153,2026-06-03,0.0,641.7139818915498,571.8901807530909,734.7604287853892,Marble Hill
153,2026-06-04,0.0,676.7096557914658,603.0780352131197,774.8303619424348,Marble Hill
153,2026-06-05,0.0,745.657815963057,664.5240639670767,853.7757818042755,Marble Hill
153,2026-06-06,0.0,793.6838562631929,707.3244729392185,908.7654422442374,Marble Hill
153,2026-06-07,0.0,664.3034851463652,592.0217587832892,760.6253367754448,Marble Hill
154,2026-06-01,0.0,57.5,51.24352331606217,65.83731358108378,Marine Park/Floyd Bennett Field
154,2026-06-02,0.0,54.0,48.12435233160622,61.82982492832216,Marine Park/Floyd Bennett Field
154,2026-06-03,0.0,57.25,51.020725388601036,65.5510643916008,Marine Park/Floyd Bennett Field
154,2026-06-04,0.0,57.25,51.020725388601036,65.5510643916008,Marine Park/Floyd Bennett Field
154,2026-06-05,0.0,75.0,66.83937823834196,85.87475684489189,Marine Park/Floyd Bennett Field
154,2026-06-06,0.0,82.25,73.30051813471502,94.1759833398981,Marine Park/Floyd Bennett Field
154,2026-06-07,0.0,109.5,97.58549222797927,125.37714499354216,Marine Park/Floyd Bennett Field
155,2026-06-01,0.0,1791.023933069334,1596.1456812845877,2050.7165967428127,Marine Park/Mill Basin
155,2026-06-02,0.0,1992.453697032491,1775.6582170444997,2281.353023431614,Marine Park/Mill Basin
155,2026-06-03,0.0,2045.5383151626697,1822.9667886423792,2342.1347390867213,Marine Park/Mill Basin
155,2026-06-04,0.0,2089.868851921388,1862.4737954947082,2392.893059952834,Marine Park/Mill Basin
155,2026-06-05,0.0,2228.520435146325,1986.038937021595,2551.6486732275107,Marine Park/Mill Basin
155,2026-06-06,0.0,2093.5149106942786,1865.7231328467144,2397.067785427023,Marine Park/Mill Basin
155,2026-06-07,0.0,1782.3583476927167,1588.4229834359962,2040.7945295810043,Marine Park/Mill Basin
156,2026-06-01,0.0,966.1390027220322,861.0150697833654,1106.2260258282781,Mariners Harbor
156,2026-06-02,0.0,1035.0464788636386,922.4248412670769,1185.1248626076867,Mariners Harbor
156,2026-06-03,0.0,1045.9795458718195,932.1682999479427,1197.6431888863058,Mariners Harbor
156,2026-06-04,0.0,1128.7861514674285,1005.9648603751175,1292.456483828623,Mariners Harbor
156,2026-06-05,0.0,1230.532173942261,1096.6400721143464,1408.9553496947715,Mariners Harbor
156,2026-06-06,0.0,1042.8368638336672,929.367567768864,1194.0448281414106,Mariners Harbor
156,2026-06-07,0.0,865.591649083581,771.4081017739686,991.0996318936201,Mariners Harbor
157,2026-06-01,0.0,1677.5376161858524,1495.0076164972363,1920.7751318415953,Maspeth
157,2026-06-02,0.0,1810.8533826281496,1613.817522342185,2073.421252199231,Maspeth
157,2026-06-03,0.0,1806.016234940527,1609.5066964236821,2067.8827337792654,Maspeth
157,2026-06-04,0.0,1973.3650144098465,1758.646541339345,2259.496543715495,Maspeth
157,2026-06-05,0.0,2354.3002584991696,2098.1328728593635,2695.6661631797638,Maspeth
157,2026-06-06,0.0,3672.44387724384,3272.851538269121,4204.936333131023,Maspeth
157,2026-06-07,0.0,3644.053657481751,3247.550409776483,4172.429623546457,Maspeth
158,2026-06-01,0.0,2897.0822823464487,2581.8557127647105,3317.1498207486093,Meatpacking/West Village West
158,2026-06-02,0.0,3551.680773815206,3165.228461638422,4066.662971227444,Meatpacking/West Village West
158,2026-06-03,0.0,3877.909372661057,3455.960684444051,4440.193659250607,Meatpacking/West Village West
158,2026-06-04,0.0,4077.8964119928482,3634.1874759729008,4669.178170913906,Meatpacking/West Village West
158,2026-06-05,0.0,4286.862316033668,3820.4161572942535,4908.443453558952,Meatpacking/West Village West
158,2026-06-06,0.0,5001.481446837396,4457.278802362861,5726.680041485326,Meatpacking/West Village West
158,2026-06-07,0.0,3674.011619354485,3274.2486970413024,4206.731392764985,Meatpacking/West Village West
159,2026-06-01,0.0,2914.517313819264,2597.393668274163,3337.1128752594236,Melrose South
159,2026-06-02,0.0,3199.3219005692004,2851.2091549114116,3663.2132037322326,Melrose South
159,2026-06-03,0.0,3288.5110783637597,2930.693810769775,3765.334523149614,Melrose South
159,2026-06-04,0.0,3450.9309396683166,3075.4410446784996,3951.3047377670796,Melrose South
159,2026-06-05,0.0,3751.2987665381092,3343.1263618888847,4295.22492572004,Melrose South
159,2026-06-06,0.0,3323.7050861390658,2962.058418735333,3805.6315479509694,Melrose South
159,2026-06-07,0.0,2804.934693997586,2499.734545946035,3211.641130837919,Melrose South
160,2026-06-01,0.0,1414.6143608653103,1260.6925910302248,1619.7288569146756,Middle Village
160,2026-06-02,0.0,1536.4497274739092,1369.2712597176806,1759.2299566829647,Middle Village
160,2026-06-03,0.0,1555.4763198587086,1386.2276011176054,1781.0153432780517,Middle Village
160,2026-06-04,0.0,1640.5881276145467,1462.0785385994923,1878.4680872202089,Middle Village
160,2026-06-05,0.0,1872.4184756079167,1668.683822821563,2143.9130840628395,Middle Village
160,2026-06-06,0.0,1944.8219256976163,1733.2091773056475,2226.8147996786292,Middle Village
160,2026-06-07,0.0,1543.9125287658333,1375.9220463612608,1767.7748399673078,Middle Village
161,2026-06-01,0.0,7731.755074262857,6890.476024731665,8852.834493154425,Midtown Center
161,2026-06-02,0.0,9268.517595784488,8260.026043911563,10612.422598007932,Midtown Center
161,2026-06-03,0.0,10423.669724506888,9289.488044638263,11935.068040313203,Midtown Center
161,2026-06-04,0.0,10215.734302774696,9104.1777206075,11696.982656570643,Midtown Center
161,2026-06-05,0.0,7518.924867583937,6700.803508934908,8609.144596517088,Midtown Center
161,2026-06-06,0.0,6012.643954221821,5358.418446249499,6884.4578341827755,Midtown Center
161,2026-06-07,0.0,4665.79656658604,4158.1192199626885,5342.321941910768,Midtown Center
162,2026-06-01,0.0,5067.005202608672,4515.673030304101,5801.7045294109585,Midtown East
162,2026-06-02,0.0,6260.483481746935,5579.290978551672,7168.233289686402,Midtown East
162,2026-06-03,0.0,6816.7413285690445,6075.023360175521,7805.146720871893,Midtown East
162,2026-06-04,0.0,6847.902487789379,6102.793926941829,7840.826147152576,Midtown East
162,2026-06-05,0.0,5150.508410497887,4590.090396920396,5897.315431721022,Midtown East
162,2026-06-06,0.0,4344.712835494585,3871.972060648024,4974.682110786377,Midtown East
162,2026-06-07,0.0,3845.815172293837,3427.358599142694,4403.445903881723,Midtown East
163,2026-06-01,0.0,5101.5109366924435,4546.424254461659,5841.2134830669365,Midtown North
163,2026-06-02,0.0,5993.7361329108035,5341.567952645897,6862.808440082104,Midtown North
163,2026-06-03,0.0,6415.058229019191,5717.046711872024,7345.220874171277,Midtown North
163,2026-06-04,0.0,6195.384458229034,5521.275268473543,7093.695118813874,Midtown North
163,2026-06-05,0.0,5273.461014606392,4699.664738405697,6038.095764804544,Midtown North
163,2026-06-06,0.0,5334.41706476878,4753.988264975285,6107.890244616811,Midtown North
163,2026-06-07,0.0,4508.0324315847065,4017.521130738702,5161.682518816312,Midtown North
164,2026-06-01,0.0,5306.980284040458,4729.536833445382,6076.475219634795,Midtown South
164,2026-06-02,0.0,6207.007834271036,5531.633924842581,7107.00384669819,Midtown South
164,2026-06-03,0.0,6811.289882055954,6070.165076236394,7798.9048322883655,Midtown South
164,2026-06-04,0.0,7004.719688286779,6242.548115986145,8020.381333310054,Midtown South
164,2026-06-05,0.0,7025.81758700703,6261.350388420772,8044.538358943916,Midtown South
164,2026-06-06,0.0,7668.178776857744,6833.817355541616,8780.039838744256,Midtown South
164,2026-06-07,0.0,6567.905165370092,5853.262634423087,7520.230120752881,Midtown South
165,2026-06-01,0.0,1999.554103694069,1781.9860405978231,2289.4829660391188,Midwood
165,2026-06-02,0.0,2336.8855663591394,2082.6130435946734,2675.7263971390475,Midwood
165,2026-06-03,0.0,2421.495133778385,2158.0163886522396,2772.6040775241036,Midwood
165,2026-06-04,0.0,2356.9600439081814,2100.5032515658404,2698.711608849877,Midwood
165,2026-06-05,0.0,2076.155700404559,1850.252748547068,2377.1915459250363,Midwood
165,2026-06-06,0.0,1451.9005864593728,1293.9217661710472,1662.4214643353941,Midwood
165,2026-06-07,0.0,1837.039452432515,1637.1543306652463,2103.4042172282075,Midwood
166,2026-06-01,0.0,2326.7265162813146,2073.55938238542,2664.09431773627,Morningside Heights
166,2026-06-02,0.0,2653.8757372924047,2365.1120560326094,3038.6791151539123,Morningside Heights
166,2026-06-03,0.0,2782.2780686240367,2479.543149240074,3185.6993682395278,Morningside Heights
166,2026-06-04,0.0,2957.709145261617,2635.8858703885912,3386.5673822300582,Morningside Heights
166,2026-06-05,0.0,2926.8709566957086,2608.4031323920303,3351.2577563016007,Morningside Heights
166,2026-06-06,0.0,2922.1043821692842,2604.1552006897246,3345.8000439224043,Morningside Heights
166,2026-06-07,0.0,2493.4920979829053,2222.1794862852835,2855.040368119218,Morningside Heights
167,2026-06-01,0.0,2383.949110754599,2124.555684195808,2729.6140028886325,Morrisania/Melrose
167,2026-06-02,0.0,2578.404155386722,2297.85240790941,2952.2643985559143,Morrisania/Melrose
167,2026-06-03,0.0,2697.5308340993565,2404.0171163994264,3088.6640594650753,Morrisania/Melrose
167,2026-06-04,0.0,2778.472273180049,2476.151455891028,3181.3417447948095,Morrisania/Melrose
167,2026-06-05,0.0,3092.9099053908617,2756.375666980457,3541.371814247971,Morrisania/Melrose
167,2026-06-06,0.0,2886.051935252634,2572.025558877995,3304.520109087328,Morrisania/Melrose
167,2026-06-07,0.0,2498.5922796361265,2226.7247258933353,2860.8800595770194,Morrisania/Melrose
168,2026-06-01,0.0,3873.5862548968666,3452.1079577319224,4435.243703426451,Mott Haven/Port Morris
168,2026-06-02,0.0,4392.663132714098,3914.704968014636,5029.58504564459,Mott Haven/Port Morris
168,2026-06-03,0.0,4510.059385584462,4019.32753533952,5164.003374574509,Mott Haven/Port Morris
168,2026-06-04,0.0,4772.157099352256,4252.9068450185905,5464.104407099994,Mott Haven/Port Morris
168,2026-06-05,0.0,5444.481522341604,4852.076797112725,6233.913691701228,Mott Haven/Port Morris
168,2026-06-06,0.0,5339.5898561426775,4758.598213764459,6113.8130739693825,Mott Haven/Port Morris
168,2026-06-07,0.0,4485.583476270022,3997.5148078675843,5135.978537762041,Mott Haven/Port Morris
169,2026-06-01,0.0,2946.086379460804,2625.527757861442,3373.259353069926,Mount Hope
169,2026-06-02,0.0,3182.5321767770756,2836.24629225729,3643.989024423678,Mount Hope
169,2026-06-03,0.0,3303.808162365063,2944.3264452165326,3782.8496347369182,Mount Hope
169,2026-06-04,0.0,3414.8718679111917,3043.3054988638596,3910.017217511138,Mount Hope
169,2026-06-05,0.0,3775.394268174787,3364.600073192038,4322.8141969747785,Mount Hope
169,2026-06-06,0.0,3662.5767475801067,3264.058034112841,4193.638501655955,Mount Hope
169,2026-06-07,0.0,3295.969938506351,2937.3410850937425,3773.8748938307485,Mount Hope
170,2026-06-01,0.0,4783.085903915331,4262.646505043715,5476.617852892787,Murray Hill
170,2026-06-02,0.0,5875.937354191798,5236.586657621705,6727.929220360506,Murray Hill
170,2026-06-03,0.0,6382.748204556969,5688.252285926417,7308.226000913332,Murray Hill
170,2026-06-04,0.0,6574.832234508293,5859.435981012572,7528.161592458092,Murray Hill
170,2026-06-05,0.0,6390.765388142496,5695.397133474141,7317.405650126506,Murray Hill
170,2026-06-06,0.0,6297.695481780133,5612.454004487994,7210.840909080576,Murray Hill
170,2026-06-07,0.0,4790.016397832314,4268.822903767658,5484.553245958599,Murray Hill
171,2026-06-01,0.0,1311.6336927895443,1168.9170733668477,1501.816325838263,Murray Hill-Queens
171,2026-06-02,0.0,1434.8906631610516,1278.7626635424915,1642.9451573061463,Murray Hill-Queens
171,2026-06-03,0.0,1474.0823122622799,1313.689936316643,1687.819468465057,Murray Hill-Queens
171,2026-06-04,0.0,1464.3585776743193,1305.024224663124,1676.685823886852,Murray Hill-Queens
171,2026-06-05,0.0,1641.1612248986846,1462.5892781480504,1879.1242817525263,Murray Hill-Queens
171,2026-06-06,0.0,1707.1371711771735,1521.3864945205898,1954.6665263428847,Murray Hill-Queens
171,2026-06-07,0.0,1430.291242632278,1274.6636980971596,1637.678835712335,Murray Hill-Queens
172,2026-06-01,0.0,419.25,373.6321243523316,480.0398907629456,New Dorp/Midland Beach
172,2026-06-02,0.0,470.0,418.860103626943,538.1484762279891,New Dorp/Midland Beach
172,2026-06-03,0.0,475.75,423.9844559585492,544.7322075860975,New Dorp/Midland Beach
172,2026-06-04,0.0,489.25,436.01554404145077,560.189663818178,New Dorp/Midland Beach
172,2026-06-05,0.0,600.75,535.3834196891191,687.856802327584,New Dorp/Midland Beach
172,2026-06-06,0.0,543.0,483.9170984455958,621.7332395570172,New Dorp/Midland Beach
172,2026-06-07,0.0,405.25,361.1554404145077,464.0099361518992,New Dorp/Midland Beach
173,2026-06-01,0.0,1624.1321928044558,1447.4131459189969,1859.6260952139162,North Corona
173,2026-06-02,0.0,1724.9111066828623,1537.2264784945714,1975.0176248725888,North Corona
173,2026-06-03,0.0,1727.9325970557898,1539.9192056662996,1978.4772215537132,North Corona
173,2026-06-04,0.0,1743.515034355227,1553.8061446067306,1996.319061742246,North Corona
173,2026-06-05,0.0,2076.353070358444,1850.4286430137427,2377.4175338823475,North Corona
173,2026-06-06,0.0,2580.5179812090373,2299.736231958313,2954.684722269298,North Corona
173,2026-06-07,0.0,2419.622251572259,2156.3472915566244,2770.459633470101,North Corona
174,2026-06-01,0.0,2869.1621337025745,2556.973507755662,3285.1813410703967,Norwood
174,2026-06-02,0.0,3176.0458303379264,2830.4657140835407,3636.562178780029,Norwood
174,2026-06-03,0.0,3170.2279008068817,2825.2808235170137,3629.900668329107,Norwood
174,2026-06-04,0.0,3325.659398788309,2963.8000859667827,3807.8692295983383,Norwood
174,2026-06-05,0.0,3479.8998539038685,3101.2579008884213,3984.4740506475932,Norwood
174,2026-06-06,0.0,3079.6504741146646,2744.5589717498565,3526.1898084247046,Norwood
174,2026-06-07,0.0,2703.8683553744104,2409.665062820718,3095.920500778336,Norwood
175,2026-06-01,0.0,525.5,468.321243523316,601.6957962932091,Oakland Gardens
175,2026-06-02,0.0,610.25,543.8497409326425,698.7342715279369,Oakland Gardens
175,2026-06-03,0.0,611.25,544.740932642487,699.8792682858689,Oakland Gardens
175,2026-06-04,0.0,668.75,595.9844559585492,765.7165818669527,Oakland Gardens
175,2026-06-05,0.0,708.0,630.9637305699481,810.6577046157794,Oakland Gardens
175,2026-06-06,0.0,556.0,495.5025906735751,636.6181974101319,Oakland Gardens
175,2026-06-07,0.0,458.75,408.8341968911917,525.2672627012554,Oakland Gardens
176,2026-06-01,0.0,224.25,199.84974093264248,256.76552296622674,Oakwood
176,2026-06-02,0.0,255.0,227.2538860103627,291.9741732726324,Oakwood
176,2026-06-03,0.0,259.0,230.81865284974091,296.55416030436,Oakwood
176,2026-06-04,0.0,261.0,232.60103626943004,298.84415382022377,Oakwood
176,2026-06-05,0.0,301.25,268.47150259067354,344.9302733269824,Oakwood
176,2026-06-06,0.0,259.5,231.2642487046632,297.1266586833259,Oakwood
176,2026-06-07,0.0,195.75,174.45077720207252,224.1331153651678,Oakwood
177,2026-06-01,0.0,2379.3593708778844,2120.465346067337,2724.3587656100435,Ocean Hill
177,2026-06-02,0.0,2678.484117571694,2387.042840530214,3066.8556307916533,Ocean Hill
177,2026-06-03,0.0,2846.5483834443635,2536.8203209970493,3259.2886703400636,Ocean Hill
177,2026-06-04,0.0,2997.5851445854023,2671.423030407716,3432.225272175087,Ocean Hill
177,2026-06-05,0.0,3425.731017930934,3052.983083337412,3922.4509090776387,Ocean Hill
177,2026-06-06,0.0,3698.4172201922643,3295.9987661817067,4234.675726599622,Ocean Hill
177,2026-06-07,0.0,3187.084067055605,2840.3028991376373,3649.200924035056,Ocean Hill
178,2026-06-01,0.0,691.7186829562819,616.4539557952356,792.0156493858609,Ocean Parkway South
178,2026-06-02,0.0,792.9347186928973,706.6568477470379,907.9076821550041,Ocean Parkway South
178,2026-06-03,0.0,830.6951849808243,740.3086622627035,951.1432936326769,Ocean Parkway South
178,2026-06-04,0.0,819.0443980233352,729.9255775130241,937.8031803389969,Ocean Parkway South
178,2026-06-05,0.0,662.2858830880559,590.2236885551586,758.3151889598839,Ocean Parkway South
178,2026-06-06,0.0,429.3985842985651,382.67645854587147,491.65998688240114,Ocean Parkway South
178,2026-06-07,0.0,655.6035518732411,584.2684503740802,750.6639413834939,Ocean Parkway South
179,2026-06-01,0.0,2014.7521900374868,1795.5304491525787,2306.884725629101,Old Astoria
179,2026-06-02,0.0,2260.4051068939607,2014.4542921542031,2588.1565190062765,Old Astoria
179,2026-06-03,0.0,2349.461066128454,2093.8202247362387,2690.1253036042863,Old Astoria
179,2026-06-04,0.0,2422.9959881258883,2159.3539376044187,2774.322550886123,Old Astoria
179,2026-06-05,0.0,2755.954467812952,2456.0837744239775,3155.558930653742,Old Astoria
179,2026-06-06,0.0,3147.489729649698,2805.0167538847045,3603.8655360728308,Old Astoria
179,2026-06-07,0.0,2576.1139549093805,2295.8114002301213,2949.6421264343444,Old Astoria
180,2026-06-01,0.0,1074.3514954445943,957.4531461993275,1230.12897916334,Ozone Park
180,2026-06-02,0.0,1199.4192404533198,1068.912483720057,1373.3311417201835,Ozone Park
180,2026-06-03,0.0,1237.746938949522,1103.0698108772942,1417.216232237326,Ozone Park
180,2026-06-04,0.0,1278.6484795479653,1139.5209247784974,1464.0483636169631,Ozone Park
180,2026-06-05,0.0,1442.4956877044367,1285.5401983687207,1651.6528857523147,Ozone Park
180,2026-06-06,0.0,1481.7699759711,1320.5411184820164,1696.6218184877266,Ozone Park
180,2026-06-07,0.0,1216.4775274930612,1084.1146877140234,1392.862825076559,Ozone Park
181,2026-06-01,0.0,5038.498405131961,4490.268008718638,5769.064338721103,Park Slope
181,2026-06-02,0.0,5827.756614025872,5193.648381411658,6672.762429075763,Park Slope
181,2026-06-03,0.0,6106.0439122838925,5441.655714574245,6991.4004833548215,Park Slope
181,2026-06-04,0.0,6490.75264455823,5784.504947481945,7431.890734557026,Park Slope
181,2026-06-05,0.0,7305.993360719355,6511.040715252482,8365.338711495588,Park Slope
181,2026-06-06,0.0,9106.451102933308,8115.593729039009,10426.856989123939,Park Slope
181,2026-06-07,0.0,7038.910826814645,6273.018975192325,8059.53007607446,Park Slope
182,2026-06-01,0.0,1680.8245512056099,1497.9369057376418,1924.5386617827503,Parkchester
182,2026-06-02,0.0,1868.5975418949006,1665.2786383726575,2139.5381273491635,Parkchester
182,2026-06-03,0.0,1905.3763937592144,1698.055646251735,2181.64979349426,Parkchester
182,2026-06-04,0.0,2005.5114812922684,1787.295206125752,2296.3041440748334,Parkchester
182,2026-06-05,0.0,2209.3335139118212,1968.939711879965,2529.6797106193094,Parkchester
182,2026-06-06,0.0,2121.891601501799,1891.0122044471989,2429.55900440247,Parkchester
182,2026-06-07,0.0,1729.727234803433,1541.5185719491733,1980.532075956427,Parkchester
183,2026-06-01,0.0,888.7336012706796,792.03201771273,1017.5970921200628,Pelham Bay
183,2026-06-02,0.0,996.0684008007014,887.6879012317131,1140.4950895952072,Pelham Bay
183,2026-06-03,0.0,1011.6449020984301,901.5695500566319,1158.3301330810286,Pelham Bay
183,2026-06-04,0.0,1040.205418106316,927.0224451517428,1191.0318313149198,Pelham Bay
183,2026-06-05,0.0,1177.559111510482,1049.4309180300668,1348.3013649526608,Pelham Bay
183,2026-06-06,0.0,1110.4411395401248,989.6159378285049,1271.4515046476383,Pelham Bay
183,2026-06-07,0.0,934.9638210066386,833.232006285709,1070.5305438362147,Pelham Bay
184,2026-06-01,0.0,158.0,140.8082901554404,180.90948775323892,Pelham Bay Park
184,2026-06-02,0.0,217.25,193.61139896373055,248.7505456607035,Pelham Bay Park
184,2026-06-03,0.0,172.5,153.7305699481865,197.51194074325133,Pelham Bay Park
184,2026-06-04,0.0,146.5,130.55958549222797,167.74202503702216,Pelham Bay Park
184,2026-06-05,0.0,218.0,194.27979274611397,249.60929322915243,Pelham Bay Park
184,2026-06-06,0.0,255.5,227.69948186528495,292.5466716515984,Pelham Bay Park
184,2026-06-07,0.0,258.5,230.37305699481863,295.981661925394,Pelham Bay Park
185,2026-06-01,0.0,2081.8075652856555,1855.2896436742628,2383.662912890161,Pelham Parkway
185,2026-06-02,0.0,2308.645919646835,2057.4461045557287,2643.392093208317,Pelham Parkway
185,2026-06-03,0.0,2369.6998017637543,2111.856818152154,2713.2985902913456,Pelham Parkway
185,2026-06-04,0.0,2405.3047809987297,2143.5876804755517,2754.0661760816247,Pelham Parkway
185,2026-06-05,0.0,2565.567506638509,2286.412492962816,2937.5664773565,Pelham Parkway
185,2026-06-06,0.0,2277.230750657258,2029.4491663888514,2607.4218265653685,Pelham Parkway
185,2026-06-07,0.0,1863.5202360708577,1660.7537855139249,2133.7246286416057,Pelham Parkway
186,2026-06-01,0.0,3193.04158534447,2845.6121900479216,3656.0222631611264,Penn Station/Madison Sq West
186,2026-06-02,0.0,3617.407805230886,3223.8038471487685,4141.920209106885,Penn Station/Madison Sq West
186,2026-06-03,0.0,3846.7049531617217,3428.151564475731,4404.464700090721,Penn Station/Madison Sq West
186,2026-06-04,0.0,4053.188519304718,3612.16800684151,4640.887713890667,Penn Station/Madison Sq West
186,2026-06-05,0.0,4148.884606128964,3697.4515660838433,4750.4594230511975,Penn Station/Madison Sq West
186,2026-06-06,0.0,4495.566244277384,4006.4113679570464,5147.408774765656,Penn Station/Madison Sq West
186,2026-06-07,0.0,4178.558653601199,3723.896831188633,4784.436111201624,Penn Station/Madison Sq West
187,2026-06-01,0.0,509.0,453.6165803108808,582.803349787333,Port Richmond
187,2026-06-02,0.0,552.75,492.6062176165803,632.8969579468531,Port Richmond
187,2026-06-03,0.0,563.0,501.740932642487,644.6331747156551,Port Richmond
187,2026-06-04,0.0,593.25,528.699481865285,679.2693266430948,Port Richmond
187,2026-06-05,0.0,697.0,621.160621761658,798.0627402785286,Port Richmond
187,2026-06-06,0.0,616.25,549.1968911917098,705.6042520755283,Port Richmond
187,2026-06-07,0.0,485.25,432.4507772020725,555.6096767864504,Port Richmond
188,2026-06-01,0.0,4323.459265651316,3853.0310553991,4950.346842221355,Prospect-Lefferts Gardens
188,2026-06-02,0.0,4881.9021213999495,4350.710698864204,5589.762101543767,Prospect-Lefferts Gardens
188,2026-06-03,0.0,5031.334373540748,4483.883483155485,5760.861545775442,Prospect-Lefferts Gardens
188,2026-06-04,0.0,5226.347838948499,4657.677866834932,5984.15133142038,Prospect-Lefferts Gardens
188,2026-06-05,0.0,5763.413946163881,5136.306729223769,6599.090282977094,Prospect-Lefferts Gardens
188,2026-06-06,0.0,5996.394776235169,5343.937313536006,6865.852578069001,Prospect-Lefferts Gardens
188,2026-06-07,0.0,5378.65980840185,4793.417031321856,6158.5480426386885,Prospect-Lefferts Gardens
189,2026-06-01,0.0,1756.7879734796845,1565.6348779197187,2011.516534007977,Prospect Heights
189,2026-06-02,0.0,1975.6233801872079,1760.6591781979262,2262.0823652087984,Prospect Heights
189,2026-06-03,0.0,2106.0329668058935,1876.8791206767546,2411.4009190904317,Prospect Heights
189,2026-06-04,0.0,2323.88602531379,2071.0279603832737,2660.84196478752,Prospect Heights
189,2026-06-05,0.0,2715.4323163208032,2419.9707689491097,3109.161198570807,Prospect Heights
189,2026-06-06,0.0,3525.007355258155,3141.4573321471635,4036.1219934566598,Prospect Heights
189,2026-06-07,0.0,2850.751939708344,2540.5664954913736,3264.1017286341057,Prospect Heights
190,2026-06-01,0.0,372.75,332.19170984455957,426.79754151911266,Prospect Park
190,2026-06-02,0.0,376.75,335.7564766839378,431.3775285508402,Prospect Park
190,2026-06-03,0.0,370.0,329.74093264248705,423.64880043479997,Prospect Park
190,2026-06-04,0.0,375.75,334.86528497409324,430.23253179290833,Prospect Park
190,2026-06-05,0.0,409.25,364.720207253886,468.58992318362675,Prospect Park
190,2026-06-06,0.0,659.0,587.2953367875647,754.5528634771167,Prospect Park
190,2026-06-07,0.0,728.25,649.0103626943005,833.8438889639002,Prospect Park
191,2026-06-01,0.0,1935.0464875876114,1724.4973879019126,2215.62195473531,Queens Village
191,2026-06-02,0.0,2151.1601193550064,1917.0960649174149,2463.071362453864,Queens Village
191,2026-06-03,0.0,2218.7033933940256,1977.290070796748,2540.408192248646,Queens Village
191,2026-06-04,0.0,2315.770233128833,2063.7952336692188,2651.549409047695,Queens Village
191,2026-06-05,0.0,2547.6185923795215,2270.416569374496,2917.015028721562,Queens Village
191,2026-06-06,0.0,2347.680890630484,2092.2337470903794,2688.0870084305607,Queens Village
191,2026-06-07,0.0,1971.1480453279494,1756.6707968725766,2256.958121304288,Queens Village
192,2026-06-01,0.0,924.0835908167978,823.5356353393223,1058.0727155432944,Queensboro Hill
192,2026-06-02,0.0,980.312095175597,873.6460122808429,1122.4541707374788,Queensboro Hill
192,2026-06-03,0.0,996.849874904913,888.3843444748447,1141.3898749109374,Queensboro Hill
192,2026-06-04,0.0,1009.796532193585,899.9222981207079,1156.213755532522,Queensboro Hill
192,2026-06-05,0.0,1048.0351042980467,934.0001965764975,1199.9967966200757,Queensboro Hill
192,2026-06-06,0.0,988.1045454880879,880.5905793987104,1131.3765010816262,Queensboro Hill
192,2026-06-07,0.0,909.3221015256127,810.3803184580589,1041.170858162641,Queensboro Hill
193,2026-06-01,0.0,1021.0626937488569,909.9626079005357,1169.1134739876452,Queensbridge/Ravenswood
193,2026-06-02,0.0,1162.7393973481294,1036.223711626312,1331.33284028329,Queensbridge/Ravenswood
193,2026-06-03,0.0,1240.606659554621,1105.6183701730301,1420.4906030587554,Queensbridge/Ravenswood
193,2026-06-04,0.0,1302.4949756667124,1160.7727244283653,1491.352524360964,Queensbridge/Ravenswood
193,2026-06-05,0.0,1428.986250649788,1273.5007000609507,1636.184624123257,Queensbridge/Ravenswood
193,2026-06-06,0.0,1529.6754481197313,1363.2340781170662,1751.473428785106,Queensbridge/Ravenswood
193,2026-06-07,0.0,1281.7221121366454,1142.2601206606373,1467.5676629660757,Queensbridge/Ravenswood
194,2026-06-01,0.0,129.0,114.96373056994818,147.70458177321404,Randalls Island
194,2026-06-02,0.0,125.25,111.62176165803108,143.41084393096946,Randalls Island
194,2026-06-03,0.0,172.75,153.95336787564767,197.79818993273432,Randalls Island
194,2026-06-04,0.0,117.0,104.26943005181346,133.96462067803134,Randalls Island
194,2026-06-05,0.0,121.25,108.05699481865284,138.8308568992419,Randalls Island
194,2026-06-06,0.0,296.5,264.2383419689119,339.4915387268059,Randalls Island
194,2026-06-07,0.0,212.25,189.15544041450775,243.02556187104403,Randalls Island
195,2026-06-01,0.0,1033.7127308387312,921.2362160842578,1183.5977254432696,Red Hook
195,2026-06-02,0.0,1141.9935073867523,1017.7351464793854,1307.5788635371014,Red Hook
195,2026-06-03,0.0,1248.2921824849843,1112.46764449439,1429.2905018970325,Red Hook
195,2026-06-04,0.0,1336.7829091967246,1191.3298465380135,1530.6120970890122,Red Hook
195,2026-06-05,0.0,1736.4101527882603,1547.4743330548226,1988.183995382579,Red Hook
195,2026-06-06,0.0,2287.4783940878606,2038.5817812596476,2619.1553450698507,Red Hook
195,2026-06-07,0.0,1636.5774043847698,1458.5042153066343,1873.8758221251521,Red Hook
196,2026-06-01,0.0,1698.6088860659684,1513.786157530293,1944.901667539836,Rego Park
196,2026-06-02,0.0,1866.4240576795698,1663.3416472584765,2137.049494969194,Rego Park
196,2026-06-03,0.0,1937.6969190148327,1726.8594304173637,2218.656690126599,Rego Park
196,2026-06-04,0.0,1941.8377727300833,1730.5497249200741,2223.3979542056313,Rego Park
196,2026-06-05,0.0,2054.5384370527872,1830.9876226584424,2352.4398494718976,Rego Park
196,2026-06-06,0.0,2025.7399821649615,1805.3226784060796,2319.4657119918893,Rego Park
196,2026-06-07,0.0,1744.0148126695647,1554.2515428972285,1996.8913062918473,Rego Park
197,2026-06-01,0.0,2848.232978283979,2538.321617952561,3261.217525969852,Richmond Hill
197,2026-06-02,0.0,2970.6468136016283,2647.4158131579275,3401.3809705345693,Richmond Hill
197,2026-06-03,0.0,3072.4345319048853,2738.1281838737837,3517.927577989083,Richmond Hill
197,2026-06-04,0.0,3200.3587174648087,2852.1331575334043,3664.400355716273,Richmond Hill
197,2026-06-05,0.0,3505.4135105014298,3123.995460135989,4013.6871047347886,Richmond Hill
197,2026-06-06,0.0,3445.6609653172004,3070.7444872256915,3945.270634220667,Richmond Hill
197,2026-06-07,0.0,3156.053619897375,2812.6488218774534,3613.6711626417055,Richmond Hill
198,2026-06-01,0.0,3207.2346664064994,2858.2609462275536,3672.2732949622145,Ridgewood
198,2026-06-02,0.0,3425.011600275907,3052.3419442873364,3921.627178195034,Ridgewood
198,2026-06-03,0.0,3715.303629634637,3311.0477942857906,4254.01061066425,Ridgewood
198,2026-06-04,0.0,3936.9195837536463,3508.5500953659434,4507.760159636498,Ridgewood
198,2026-06-05,0.0,4867.21115389288,4337.618230412308,5572.94099137729,Ridgewood
198,2026-06-06,0.0,6357.706246182297,5665.935100224638,7279.553039762068,Ridgewood
198,2026-06-07,0.0,5820.611786878637,5187.28097068977,6664.581625156195,Ridgewood
199,2026-06-01,0.0,0.0,0.0,0.0,Rikers Island
199,2026-06-02,0.0,0.5,0.44559585492227977,0.5724983789659459,Rikers Island
199,2026-06-03,0.0,0.25,0.22279792746113988,0.28624918948297295,Rikers Island
199,2026-06-04,0.0,0.5,0.44559585492227977,0.5724983789659459,Rikers Island
199,2026-06-05,0.0,0.5,0.44559585492227977,0.5724983789659459,Rikers Island
199,2026-06-06,0.0,0.0,0.0,0.0,Rikers Island
199,2026-06-07,0.0,0.25,0.22279792746113988,0.28624918948297295,Rikers Island
200,2026-06-01,0.0,1463.3584842458358,1304.1329496905894,1675.5407201536093,Riverdale/North Riverdale/Fieldston
200,2026-06-02,0.0,1640.6746487064213,1462.1556454792976,1878.567153589898,Riverdale/North Riverdale/Fieldston
200,2026-06-03,0.0,1672.3560905386846,1490.3898837961333,1914.8423017744472,Riverdale/North Riverdale/Fieldston
200,2026-06-04,0.0,1770.32521375653,1577.6991542286173,2027.0166302363102,Riverdale/North Riverdale/Fieldston
200,2026-06-05,0.0,1794.170369805345,1598.9497596192712,2054.3192566045836,Riverdale/North Riverdale/Fieldston
200,2026-06-06,0.0,1491.2002754423386,1328.945323192136,1707.4194808086218,Riverdale/North Riverdale/Fieldston
200,2026-06-07,0.0,1287.2315883805695,1147.170120214808,1473.8759954032716,Riverdale/North Riverdale/Fieldston
201,2026-06-01,0.0,446.5,397.91709844559585,511.2410524165897,Rockaway Park
201,2026-06-02,0.0,439.5,391.67875647668393,503.22607511106645,Rockaway Park
201,2026-06-03,0.0,442.0,393.9067357512953,506.0885670058962,Rockaway Park
201,2026-06-04,0.0,455.0,405.49222797927456,520.9735248590108,Rockaway Park
201,2026-06-05,0.0,596.0,531.1502590673575,682.4180677274076,Rockaway Park
201,2026-06-06,0.0,744.25,663.2694300518134,852.1638370908105,Rockaway Park
201,2026-06-07,0.0,676.0,602.4455958549222,774.0178083619588,Rockaway Park
202,2026-06-01,0.0,389.0,346.6735751295337,445.4037388355059,Roosevelt Island
202,2026-06-02,0.0,363.5,323.9481865284974,416.2063215082427,Roosevelt Island
202,2026-06-03,0.0,396.75,353.580310880829,454.27746370947807,Roosevelt Island
202,2026-06-04,0.0,439.25,391.45595854922277,502.93982592158346,Roosevelt Island
202,2026-06-05,0.0,485.0,432.22797927461136,555.3234275969676,Roosevelt Island
202,2026-06-06,0.0,556.0,495.5025906735751,636.6181974101319,Roosevelt Island
202,2026-06-07,0.0,480.5,428.21761658031085,550.170942186274,Roosevelt Island
203,2026-06-01,0.0,1233.6528330399153,1099.421177631427,1412.5284942441965,Rosedale
203,2026-06-02,0.0,1398.1678699179056,1246.035614641864,1600.897678100541,Rosedale
203,2026-06-03,0.0,1441.989095787301,1285.088727851895,1651.0728396496,Rosedale
203,2026-06-04,0.0,1505.0936631482339,1341.326995137286,1723.3273646885627,Rosedale
203,2026-06-05,0.0,1603.5190555227734,1429.0428888596737,1836.0241198555848,Rosedale
203,2026-06-06,0.0,1479.7241388627072,1318.7178854113245,1694.2793416313602,Rosedale
203,2026-06-07,0.0,1235.3117808488846,1100.8996181658454,1414.4279841070445,Rosedale
204,2026-06-01,0.0,160.0,142.59067357512953,183.1994812691027,Rossville/Woodrow
204,2026-06-02,0.0,191.25,170.440414507772,218.98062995447432,Rossville/Woodrow
204,2026-06-03,0.0,194.25,173.11398963730568,222.41562022826997,Rossville/Woodrow
204,2026-06-04,0.0,213.5,190.26943005181346,244.4568078184589,Rossville/Woodrow
204,2026-06-05,0.0,259.25,231.04145077720207,296.84040949384297,Rossville/Woodrow
204,2026-06-06,0.0,250.0,222.7979274611399,286.24918948297295,Rossville/Woodrow
204,2026-06-07,0.0,176.0,156.84974093264248,201.51942939601295,Rossville/Woodrow
205,2026-06-01,0.0,2572.89855933669,2292.945866351869,2945.9605089281454,Saint Albans
205,2026-06-02,0.0,2850.1345543349985,2540.016286764869,3263.3948243832306,Saint Albans
205,2026-06-03,0.0,2937.009210889598,2617.438260481921,3362.8660244846933,Saint Albans
205,2026-06-04,0.0,3143.8533215586667,2801.776017140366,3599.701860598083,Saint Albans
205,2026-06-05,0.0,3432.1769090596936,3058.7276080739234,3929.8314335220507,Saint Albans
205,2026-06-06,0.0,3286.2202569483356,2928.652249715615,3762.711540055953,Saint Albans
205,2026-06-07,0.0,2836.5061877276726,2527.870799425698,3247.790388801935,Saint Albans
206,2026-06-01,0.0,1389.7830897314502,1238.563168050826,1591.297131971078,Saint George/New Brighton
206,2026-06-02,0.0,1564.8982620945585,1394.6243579288293,1791.8034365915214,Saint George/New Brighton
206,2026-06-03,0.0,1596.3698473312134,1422.6715737874024,1827.8382996544683,Saint George/New Brighton
206,2026-06-04,0.0,1722.002602867384,1534.634444006166,1971.6873974334337,Saint George/New Brighton
206,2026-06-05,0.0,1906.1676357936733,1698.7607945933253,2182.555763058455,Saint George/New Brighton
206,2026-06-06,0.0,1744.0319011424797,1554.2667720026243,1996.9108725379328,Saint George/New Brighton
206,2026-06-07,0.0,1384.2814442412684,1233.6601471994722,1584.9977657215293,Saint George/New Brighton
207,2026-06-01,0.0,116.5,103.82383419689118,133.3921222990654,Saint Michaels Cemetery/Woodside
207,2026-06-02,0.0,125.75,112.06735751295336,143.9833423099354,Saint Michaels Cemetery/Woodside
207,2026-06-03,0.0,125.5,111.84455958549222,143.69709312045242,Saint Michaels Cemetery/Woodside
207,2026-06-04,0.0,129.5,115.40932642487046,148.27708015218,Saint Michaels Cemetery/Woodside
207,2026-06-05,0.0,125.25,111.62176165803108,143.41084393096946,Saint Michaels Cemetery/Woodside
207,2026-06-06,0.0,125.25,111.62176165803108,143.41084393096946,Saint Michaels Cemetery/Woodside
207,2026-06-07,0.0,125.0,111.39896373056995,143.12459474148648,Saint Michaels Cemetery/Woodside
208,2026-06-01,0.0,2041.859457137146,1819.688220868337,2337.9224585746047,Schuylerville/Edgewater Park
208,2026-06-02,0.0,2281.0798262410704,2032.8794306397103,2611.829005629869,Schuylerville/Edgewater Park
208,2026-06-03,0.0,2337.890063118042,2083.508242778773,2676.876542671344,Schuylerville/Edgewater Park
208,2026-06-04,0.0,2517.877831819148,2243.911850118619,2882.9619543015056,Schuylerville/Edgewater Park
208,2026-06-05,0.0,2864.3137428606806,2552.6526620312798,3279.629949275242,Schuylerville/Edgewater Park
208,2026-06-06,0.0,2896.728981491518,2581.5408539717155,3316.745292415139,Schuylerville/Edgewater Park
208,2026-06-07,0.0,2444.6573943979297,2178.6584032976366,2799.124790839856,Schuylerville/Edgewater Park
209,2026-06-01,0.0,1072.533751518856,955.8331878820892,1228.0476682616193,Seaport
209,2026-06-02,0.0,1214.942049013407,1082.7462820223109,1391.1047071954806,Seaport
209,2026-06-03,0.0,1359.4154626007671,1211.4997905043106,1556.5262973603612,Seaport
209,2026-06-04,0.0,1547.2453015457736,1378.892185833539,1771.5908539952632,Seaport
209,2026-06-05,0.0,1745.3807028037302,1555.4688128613552,1998.4552460671578,Seaport
209,2026-06-06,0.0,1964.1000233153281,1750.3896580841265,2248.888158950004,Seaport
209,2026-06-07,0.0,1471.1438823616882,1311.0712319492764,1684.4549757554694,Seaport
210,2026-06-01,0.0,2122.4979339255788,1891.5525628766816,2430.2532530619264,Sheepshead Bay
210,2026-06-02,0.0,2341.457506643225,2086.6875188737545,2680.9612539417835,Sheepshead Bay
210,2026-06-03,0.0,2376.9582036932547,2118.3254457784446,2721.60943696839,Sheepshead Bay
210,2026-06-04,0.0,2455.6786618853794,2188.480465514431,2811.7441063812857,Sheepshead Bay
210,2026-06-05,0.0,2598.815146626087,2316.0425140916423,2975.6349173511635,Sheepshead Bay
210,2026-06-06,0.0,2319.301789712567,2066.9425276194897,2655.5930298865233,Sheepshead Bay
210,2026-06-07,0.0,1973.2348066958832,1758.5305013041032,2259.3474563051495,Sheepshead Bay
211,2026-06-01,0.0,2691.6824140407934,2398.8050529275465,3081.9676374589967,SoHo
211,2026-06-02,0.0,3314.5415304585013,2953.8919338801147,3795.1393064055947,SoHo
211,2026-06-03,0.0,3614.4585791061027,3221.175521275905,4138.5433547555995,SoHo
211,2026-06-04,0.0,3676.1358141562914,3276.1417618387673,4209.163588926269,SoHo
211,2026-06-05,0.0,3927.681181528527,3500.3169078907076,4497.182219040265,SoHo
211,2026-06-06,0.0,4663.397883262326,4155.981533270052,5339.5754572818105,SoHo
211,2026-06-07,0.0,3609.9234481142776,3217.133850132931,4133.350644473164,SoHo
212,2026-06-01,0.0,1762.7012935407583,1570.9047797358053,2018.2872663065202,Soundview/Bruckner
212,2026-06-02,0.0,1929.405329280289,1719.470034384506,2209.162846762445,Soundview/Bruckner
212,2026-06-03,0.0,1974.0148264953998,1759.2256484829468,2260.240576446719,Soundview/Bruckner
212,2026-06-04,0.0,2035.503052555499,1814.0234458007553,2330.6443959365156,Soundview/Bruckner
212,2026-06-05,0.0,2320.0949497145434,2067.649385237831,2656.5011955173077,Soundview/Bruckner
212,2026-06-06,0.0,2389.195364946695,2129.2311024395417,2735.6209469298688,Soundview/Bruckner
212,2026-06-07,0.0,2099.9016526102737,1871.4149442951662,2404.3805842145853,Soundview/Bruckner
213,2026-06-01,0.0,3049.093979258457,2717.327276852096,3491.202720880584,Soundview/Castle Hill
213,2026-06-02,0.0,3390.7497183703294,3021.8080391694125,3882.3974344925023,Soundview/Castle Hill
213,2026-06-03,0.0,3448.500764695252,3073.2752928890327,3948.5221953017135,Soundview/Castle Hill
213,2026-06-04,0.0,3620.1490516447,3226.246823227401,4145.058927363394,Soundview/Castle Hill
213,2026-06-05,0.0,4102.661088285549,3656.25755018194,4697.533644980281,Soundview/Castle Hill
213,2026-06-06,0.0,3899.292237794216,3475.016916583446,4464.6769705033685,Soundview/Castle Hill
213,2026-06-07,0.0,3225.0900192580493,2874.1734886652043,3692.717616088969,Soundview/Castle Hill
214,2026-06-01,0.0,563.25,501.96373056994815,644.919423905138,South Beach/Dongan Hills
214,2026-06-02,0.0,655.25,583.9533678756476,750.2591256348721,South Beach/Dongan Hills
214,2026-06-03,0.0,690.5,615.3678756476684,790.6202613519713,South Beach/Dongan Hills
214,2026-06-04,0.0,713.0,635.4196891191709,816.3826884054389,South Beach/Dongan Hills
214,2026-06-05,0.0,752.75,670.8445595854922,861.8963095332316,South Beach/Dongan Hills
214,2026-06-06,0.0,591.25,526.9170984455958,676.979333127231,South Beach/Dongan Hills
214,2026-06-07,0.0,457.5,407.720207253886,523.8360167538405,South Beach/Dongan Hills
215,2026-06-01,0.0,1984.87109407297,1768.9006641479316,2272.6709676262776,South Jamaica
215,2026-06-02,0.0,2161.3521187388255,1926.1790902750154,2474.7411687051804,South Jamaica
215,2026-06-03,0.0,2229.200173433057,1986.6447141475946,2552.426971362061,South Jamaica
215,2026-06-04,0.0,2331.202238970206,2077.548109341323,2669.219005704453,South Jamaica
215,2026-06-05,0.0,2558.6646933628867,2280.2607629969766,2929.6627785353035,South Jamaica
215,2026-06-06,0.0,2389.570244163961,2129.565191690162,2736.0501824182543,South Jamaica
215,2026-06-07,0.0,2152.7916254116953,1918.5500495896972,2464.939431599319,South Jamaica
216,2026-06-01,0.0,3963.810277387323,3532.514858604246,4538.549916665597,South Ozone Park
216,2026-06-02,0.0,4230.341847282952,3770.045584107086,4843.72770008259,South Ozone Park
216,2026-06-03,0.0,4358.742874377862,3884.475514989597,4990.746459821387,South Ozone Park
216,2026-06-04,0.0,4548.549297628457,4053.629425865775,5208.074199077967,South Ozone Park
216,2026-06-05,0.0,5249.923785627663,4678.6885550671395,6011.145713933199,South Ozone Park
216,2026-06-06,0.0,5431.938606405307,4840.898654413019,6219.552093619155,South Ozone Park
216,2026-06-07,0.0,4828.62811544787,4303.233346409501,5528.763537446592,South Ozone Park
217,2026-06-01,0.0,1160.4998219710594,1034.2278206166955,1328.7685337374007,South Williamsburg
217,2026-06-02,0.0,1312.0660576000457,1169.302393301595,1502.311382144531,South Williamsburg
217,2026-06-03,0.0,1353.449790689991,1206.1832331537744,1549.6956223636373,South Williamsburg
217,2026-06-04,0.0,1237.4422610357146,1102.7982844463363,1416.867377013803,South Williamsburg
217,2026-06-05,0.0,969.7032170952458,864.1914680848822,1110.307039730182,South Williamsburg
217,2026-06-06,0.0,660.0899245155088,588.2666684801425,755.8008235137647,South Williamsburg
217,2026-06-07,0.0,1151.4303929091711,1026.1452206237173,1318.3840668652454,South Williamsburg
218,2026-06-01,0.0,1397.4853712505062,1245.4273774874978,1600.1162193390758,Springfield Gardens North
218,2026-06-02,0.0,1549.6428001284703,1381.0288166948026,1774.3359820995972,Springfield Gardens North
218,2026-06-03,0.0,1566.3310010418302,1395.9012030010092,1793.4439180411102,Springfield Gardens North
218,2026-06-04,0.0,1683.9917871968842,1500.759520196187,1928.1651367243646,Springfield Gardens North
218,2026-06-05,0.0,1779.5143069669793,1585.8883979187588,2037.5381121706087,Springfield Gardens North
218,2026-06-06,0.0,1662.7795413610056,1481.8553425600671,1903.8771840138295,Springfield Gardens North
218,2026-06-07,0.0,1437.2127544348318,1280.8320920351869,1645.6039442862466,Springfield Gardens North
219,2026-06-01,0.0,1230.7526236950746,1096.8365351064913,1409.2077639470301,Springfield Gardens South
219,2026-06-02,0.0,1300.0808131897575,1158.6212428426854,1488.5883161517297,Springfield Gardens South
219,2026-06-03,0.0,1348.8939590015486,1202.1231137215873,1544.4792098506873,Springfield Gardens South
219,2026-06-04,0.0,1442.0668938653066,1285.1580608540555,1651.1619181966896,Springfield Gardens South
219,2026-06-05,0.0,1536.633483056433,1369.4350211694637,1759.4403562292066,Springfield Gardens South
219,2026-06-06,0.0,1326.794429467015,1182.428196208946,1519.1753201818265,Springfield Gardens South
219,2026-06-07,0.0,1119.5515828212822,997.7350893536815,1281.882932667886,Springfield Gardens South
220,2026-06-01,0.0,2266.333091660957,2019.7372630346351,2594.9440423455567,Spuyten Duyvil/Kingsbridge
220,2026-06-02,0.0,2570.2689897885753,2290.602415770129,2942.9496603207976,Spuyten Duyvil/Kingsbridge
220,2026-06-03,0.0,2597.0887649262727,2314.5039770327403,2973.6582159019235,Spuyten Duyvil/Kingsbridge
220,2026-06-04,0.0,2709.832066102862,2414.979872381825,3102.7489302276567,Spuyten Duyvil/Kingsbridge
220,2026-06-05,0.0,2949.447162228898,2628.5228596029556,3377.107438443507,Spuyten Duyvil/Kingsbridge
220,2026-06-06,0.0,2876.7536137318,2563.7389718231584,3293.873561091765,Spuyten Duyvil/Kingsbridge
220,2026-06-07,0.0,2508.8080712736905,2235.8289547102318,2872.5771078817384,Spuyten Duyvil/Kingsbridge
221,2026-06-01,0.0,912.0708622494061,812.8299912274499,1044.318180279715,Stapleton
221,2026-06-02,0.0,990.8568914068222,883.0434472641109,1134.527928235284,Stapleton
221,2026-06-03,0.0,1052.5606404953564,938.0333169181414,1205.1785208938986,Stapleton
221,2026-06-04,0.0,1086.7882981110665,968.5367216326603,1244.3690778954895,Stapleton
221,2026-06-05,0.0,1241.8929184757467,1106.7646734602508,1421.963365353305,Stapleton
221,2026-06-06,0.0,1159.263835779304,1033.1263199691205,1327.353333554992,Stapleton
221,2026-06-07,0.0,902.7906607110261,804.559552550759,1033.6923796053154,Stapleton
222,2026-06-01,0.0,798.3829954173999,711.5123067968537,914.1459413408753,Starrett City
222,2026-06-02,0.0,878.2725873340574,782.7092488158439,1005.6192650779501,Starrett City
222,2026-06-03,0.0,910.3764381920654,811.3199345545868,1042.3780702274983,Starrett City
222,2026-06-04,0.0,950.742212889992,847.2935783268322,1088.5967513880332,Starrett City
222,2026-06-05,0.0,1029.4903462781917,917.4732619681293,1178.7631088107103,Starrett City
222,2026-06-06,0.0,972.4173043225796,866.6102401216772,1113.4146608062235,Starrett City
222,2026-06-07,0.0,840.0526743022482,748.6479791709154,961.8575885680897,Starrett City
223,2026-06-01,0.0,2774.3611051673743,2472.487617040354,3176.634470748984,Steinway
223,2026-06-02,0.0,3095.3931960833224,2758.588755058712,3544.215174039841,Steinway
223,2026-06-03,0.0,3235.2187054678134,2883.2000898469632,3704.3149289612584,Steinway
223,2026-06-04,0.0,3278.572428591521,2921.8365684857076,3753.9548013821804,Steinway
223,2026-06-05,0.0,3814.994935463328,3399.8918595838986,4368.156832632098,Steinway
223,2026-06-06,0.0,4391.525048767841,3913.6907170366253,5028.281943215871,Steinway
223,2026-06-07,0.0,3591.215819481741,3200.461766584764,4111.930470340316,Steinway
224,2026-06-01,0.0,1020.8906077576108,909.8092462917567,1168.916436085583,Stuy Town/Peter Cooper Village
224,2026-06-02,0.0,1091.376059561666,972.6252966041789,1249.6220498825908,Stuy Town/Peter Cooper Village
224,2026-06-03,0.0,1148.6114944682283,1023.6330417022552,1315.1564372894265,Stuy Town/Peter Cooper Village
224,2026-06-04,0.0,1206.9817312429468,1075.6521128175484,1381.990169156196,Stuy Town/Peter Cooper Village
224,2026-06-05,0.0,1440.168253979628,1283.4660087279585,1648.9879816831074,Stuy Town/Peter Cooper Village
224,2026-06-06,0.0,1694.0228036324343,1509.6990788848636,1939.650618021831,Stuy Town/Peter Cooper Village
224,2026-06-07,0.0,1302.5740256745187,1160.8431731399855,1491.4430363636168,Stuy Town/Peter Cooper Village
225,2026-06-01,0.0,3909.5129340242215,3484.1255163324668,4476.379634550532,Stuyvesant Heights
225,2026-06-02,0.0,4437.5629626139,3954.7193241947707,5080.995205311556,Stuyvesant Heights
225,2026-06-03,0.0,4616.979630567395,4114.61397128286,5286.426708437251,Stuyvesant Heights
225,2026-06-04,0.0,5012.923548661222,4467.475908651451,5739.781210977534,Stuyvesant Heights
225,2026-06-05,0.0,6296.084560256687,5611.0183645810885,7208.996409158947,Stuyvesant Heights
225,2026-06-06,0.0,7497.924225181506,6682.08791052445,8585.098929051816,Stuyvesant Heights
225,2026-06-07,0.0,6260.348037450375,5579.170271717432,7168.078206405961,Stuyvesant Heights
226,2026-06-01,0.0,3641.463678126951,3245.242241646816,4169.464105582101,Sunnyside
226,2026-06-02,0.0,4153.0025318456255,3701.121427344288,4755.174434646179,Sunnyside
226,2026-06-03,0.0,4281.824284040128,3815.9263049476785,4902.6749232599905,Sunnyside
226,2026-06-04,0.0,4424.710083311667,3943.2649447129884,5066.27870018041,Sunnyside
226,2026-06-05,0.0,4861.543912002547,4332.567631421958,5566.452017786442,Sunnyside
226,2026-06-06,0.0,5441.799840627287,4849.686904600484,6230.843174832529,Sunnyside
226,2026-06-07,0.0,4340.2571822000355,3868.0012193699795,4969.580402209649,Sunnyside
227,2026-06-01,0.0,1593.386125239912,1420.0125053951547,1824.4219475333584,Sunset Park East
227,2026-06-02,0.0,1790.837475480545,1595.9795118272214,2050.5031034081576,Sunset Park East
227,2026-06-03,0.0,1823.3304621605778,1624.9369921845562,2087.7074678123195,Sunset Park East
227,2026-06-04,0.0,1811.7419708906941,1614.60942483523,2074.4386828789807,Sunset Park East
227,2026-06-05,0.0,1943.5995065298287,1732.1197674773603,2225.4151336946784,Sunset Park East
227,2026-06-06,0.0,2106.739488065004,1877.508766565703,2412.209883641523,Sunset Park East
227,2026-06-07,0.0,1899.2762723161336,1692.6192685926164,2174.665174218942,Sunset Park East
228,2026-06-01,0.0,2953.9847667092213,2632.566735098373,3382.302980862254,Sunset Park West
228,2026-06-02,0.0,3481.1736432512566,3102.393091394902,3985.932535320641,Sunset Park West
228,2026-06-03,0.0,3567.568382146841,3179.387366472832,4084.8542312584573,Sunset Park West
228,2026-06-04,0.0,3562.5304108636124,3174.8975682307837,4079.085770472607,Sunset Park West
228,2026-06-05,0.0,3964.982510397621,3533.55954294503,4539.892119661929,Sunset Park West
228,2026-06-06,0.0,4654.921342592323,4148.427310496784,5329.869845696178,Sunset Park West
228,2026-06-07,0.0,4000.5450265415407,3565.2525625137046,4580.611085350618,Sunset Park West
229,2026-06-01,0.0,2954.7573124989567,2633.255221501661,3383.187543286855,Sutton Place/Turtle Bay North
229,2026-06-02,0.0,3491.2964093824817,3111.4144166517453,3997.5230697221964,Sutton Place/Turtle Bay North
229,2026-06-03,0.0,3701.1349904582135,3298.4208205119826,4237.787564742937,Sutton Place/Turtle Bay North
229,2026-06-04,0.0,3918.014602098301,3491.7021324399366,4486.114016932366,Sutton Place/Turtle Bay North
229,2026-06-05,0.0,4006.0483713500635,3570.157097783476,4586.912397314158,Sutton Place/Turtle Bay North
229,2026-06-06,0.0,4400.773437456498,3921.9328043653763,5038.871318280478,Sutton Place/Turtle Bay North
229,2026-06-07,0.0,3363.7483333325063,2997.7446286693835,3851.4809361645243,Sutton Place/Turtle Bay North
230,2026-06-01,0.0,6969.663069541177,6211.305947984883,7980.241618502285,Times Sq/Theatre District
230,2026-06-02,0.0,8287.784284709338,7386.004647512985,9489.486136431075,Times Sq/Theatre District
230,2026-06-03,0.0,9235.232688326383,8230.362810321958,10574.311486880339,Times Sq/Theatre District
230,2026-06-04,0.0,9011.293196793178,8030.789791960759,10317.901495101902,Times Sq/Theatre District
230,2026-06-05,0.0,7631.9093719033335,6801.49436252525,8738.511487659338,Times Sq/Theatre District
230,2026-06-06,0.0,7856.459126170354,7001.611241975652,8995.62022828948,Times Sq/Theatre District
230,2026-06-07,0.0,7316.64143172175,6520.530187855653,8377.530718271559,Times Sq/Theatre District
231,2026-06-01,0.0,6016.899863468263,5362.211277287778,6889.330836472003,TriBeCa/Civic Center
231,2026-06-02,0.0,7384.33746101337,6580.860327949738,8455.042452335327,TriBeCa/Civic Center
231,2026-06-03,0.0,7952.652861059884,7087.338301048187,9105.761742871351,TriBeCa/Civic Center
231,2026-06-04,0.0,8312.07270748298,7407.650288534053,9517.296301762173,TriBeCa/Civic Center
231,2026-06-05,0.0,8095.362246701998,7214.519722449449,9269.163526758022,TriBeCa/Civic Center
231,2026-06-06,0.0,8609.09632772234,7672.355276519391,9857.387383965435,TriBeCa/Civic Center
231,2026-06-07,0.0,6290.650235946878,5606.17533980758,7202.7741254426655,TriBeCa/Civic Center
232,2026-06-01,0.0,2153.1881066093088,1918.9033903461195,2465.3934012851673,Two Bridges/Seward Park
232,2026-06-02,0.0,2386.4276931836325,2126.7645763087294,2732.4519717341427,Two Bridges/Seward Park
232,2026-06-03,0.0,2560.501798625021,2281.8979759767026,2931.7662581044265,Two Bridges/Seward Park
232,2026-06-04,0.0,2792.845978389214,2488.9611828131856,3197.7995906587726,Two Bridges/Seward Park
232,2026-06-05,0.0,3221.886048558629,2871.318136539296,3689.0490800256243,Two Bridges/Seward Park
232,2026-06-06,0.0,3874.1918640590916,3452.6476715967033,4435.937123953772,Two Bridges/Seward Park
232,2026-06-07,0.0,3040.1582211011673,2709.363803261144,3480.971306760824,Two Bridges/Seward Park
233,2026-06-01,0.0,2852.680889938877,2542.2855599455274,3266.310370394278,UN/Turtle Bay South
233,2026-06-02,0.0,3249.496167771054,2895.924045889229,3720.6625770099636,UN/Turtle Bay South
233,2026-06-03,0.0,3526.972617916043,3143.2087579355407,4038.372212828426,UN/Turtle Bay South
233,2026-06-04,0.0,3684.4752007008324,3283.5737539924517,4218.71215948291,UN/Turtle Bay South
233,2026-06-05,0.0,3878.180427485609,3456.2022462566047,4440.504016145941,UN/Turtle Bay South
233,2026-06-06,0.0,3867.8011577935367,3446.952327152789,4428.619785998817,UN/Turtle Bay South
233,2026-06-07,0.0,3056.6161073485964,2724.030935046417,3499.815533156542,UN/Turtle Bay South
234,2026-06-01,0.0,5697.119344349883,5077.225529679688,6523.183178831681,Union Sq
234,2026-06-02,0.0,7037.002691151775,6271.318460508318,8057.345266926781,Union Sq
234,2026-06-03,0.0,7670.987541537634,6836.320503339238,8783.255865196525,Union Sq
234,2026-06-04,0.0,7524.688764634845,6705.940246203074,8615.74423995343,Union Sq
234,2026-06-05,0.0,6968.3540268798715,6210.139340017295,7978.742768899096,Union Sq
234,2026-06-06,0.0,7351.476562330514,6551.574967465535,8417.416829880727,Union Sq
234,2026-06-07,0.0,5568.004369643331,4962.159334604419,6375.346951392221,Union Sq
235,2026-06-01,0.0,2602.4163326415282,2319.2518612142117,2979.7582636635534,University Heights/Morris Heights
235,2026-06-02,0.0,2801.291154151255,2496.487453440496,3207.4692895264743,University Heights/Morris Heights
235,2026-06-03,0.0,2881.397742331432,2567.8777807306024,3299.191073281762,University Heights/Morris Heights
235,2026-06-04,0.0,2997.0382312821393,2670.935625805844,3431.599058215981,University Heights/Morris Heights
235,2026-06-05,0.0,3305.7022648645075,2946.0144536616335,3785.018375957973,University Heights/Morris Heights
235,2026-06-06,0.0,3297.9929895696037,2939.1440114299057,3776.1912807393037,University Heights/Morris Heights
235,2026-06-07,0.0,2881.7231202520975,2568.167754836066,3299.563629946027,University Heights/Morris Heights
236,2026-06-01,0.0,4288.776661202786,3822.1222058387525,4910.635372571154,Upper East Side North
236,2026-06-02,0.0,4805.60431033839,4282.714722166855,5502.4013552409815,Upper East Side North
236,2026-06-03,0.0,4912.590727409483,4378.060130126586,5624.900455930133,Upper East Side North
236,2026-06-04,0.0,4966.667089119495,4426.252535381104,5686.817714768848,Upper East Side North
236,2026-06-05,0.0,4864.149524512324,4334.889731689739,5569.4354356625645,Upper East Side North
236,2026-06-06,0.0,4598.018960856616,4097.716379623513,5264.716803090191,Upper East Side North
236,2026-06-07,0.0,3600.0375051282317,3208.323579699771,4122.031271805042,Upper East Side North
237,2026-06-01,0.0,5082.2472011758555,4529.256573068637,5819.156568354786,Upper East Side South
237,2026-06-02,0.0,5855.7694739042445,5218.613209904301,6704.8370628169,Upper East Side South
237,2026-06-03,0.0,6263.448244975114,5581.933150962277,7171.627933970703,Upper East Side South
237,2026-06-04,0.0,6422.50255807851,5723.681036215045,7353.744606809176,Upper East Side South
237,2026-06-05,0.0,5742.766168848961,5117.905601253996,6575.448644893011,Upper East Side South
237,2026-06-06,0.0,5337.5916567885815,4756.817435065472,6111.525142187241,Upper East Side South
237,2026-06-07,0.0,4106.6635012132965,3659.824467402523,4702.116394806456,Upper East Side South
238,2026-06-01,0.0,2965.6862642613155,2642.995012709566,3395.70115762235,Upper West Side North
238,2026-06-02,0.0,3259.901901514021,2905.1975495358115,3732.5771084095636,Upper West Side North
238,2026-06-03,0.0,3327.6226956296655,2965.549759835764,3810.1171981165494,Upper West Side North
238,2026-06-04,0.0,3373.0767417467737,3006.058028914223,3862.161933555525,Upper West Side North
238,2026-06-05,0.0,3494.7393296853884,3114.4827186833513,4001.4652023068425,Upper West Side North
238,2026-06-06,0.0,3356.9571771743263,2991.6924066009537,3843.705084380799,Upper West Side North
238,2026-06-07,0.0,3002.0310032840994,2675.385142823135,3437.3157659713183,Upper West Side North
239,2026-06-01,0.0,3417.2684753629055,3045.441335556579,3912.761325273386,Upper West Side South
239,2026-06-02,0.0,3789.7773325626645,3377.4181409366747,4339.282759068024,Upper West Side South
239,2026-06-03,0.0,4002.8837076488076,3567.336775728471,4583.288867636275,Upper West Side South
239,2026-06-04,0.0,4133.028849754839,3683.3210474499083,4732.304633408266,Upper West Side South
239,2026-06-05,0.0,4180.060897544649,3725.2356185372005,4786.156175646497,Upper West Side South
239,2026-06-06,0.0,4469.343207253369,3983.0416147542974,5117.383482390031,Upper West Side South
239,2026-06-07,0.0,3905.3752158837387,3480.438016227995,4471.641960694443,Upper West Side South
240,2026-06-01,0.0,487.0,434.0103626943005,557.6134211128314,Van Cortlandt Park
240,2026-06-02,0.0,521.25,464.53367875647666,596.8295600719986,Van Cortlandt Park
240,2026-06-03,0.0,516.0,459.85492227979273,590.8183270928562,Van Cortlandt Park
240,2026-06-04,0.0,556.25,495.72538860103623,636.9044465996149,Van Cortlandt Park
240,2026-06-05,0.0,606.0,540.0621761658031,693.8680353067265,Van Cortlandt Park
240,2026-06-06,0.0,629.5,561.0051813471503,720.7754591181259,Van Cortlandt Park
240,2026-06-07,0.0,566.5,504.860103626943,648.6406633684168,Van Cortlandt Park
241,2026-06-01,0.0,2322.6052331778956,2069.8865290497306,2659.375461944336,Van Cortlandt Village
241,2026-06-02,0.0,2573.2479191044886,2293.257212880684,2946.3605247296264,Van Cortlandt Village
241,2026-06-03,0.0,2567.166976061055,2287.837926852339,2939.397864659726,Van Cortlandt Village
241,2026-06-04,0.0,2743.2209650256536,2444.735782302655,3140.979111245169,Van Cortlandt Village
241,2026-06-05,0.0,2972.7387028723797,2649.280087533934,3403.776176967532,Van Cortlandt Village
241,2026-06-06,0.0,3014.596368520831,2686.5832921532797,3451.7030684296064,Van Cortlandt Village
241,2026-06-07,0.0,2661.457894484507,2371.869211664949,3047.3606605569994,Van Cortlandt Village
242,2026-06-01,0.0,2686.537417856424,2394.2198749808545,3076.0766335083213,Van Nest/Morris Park
242,2026-06-02,0.0,2960.474153134569,2638.3500224826207,3389.7333072802444,Van Nest/Morris Park
242,2026-06-03,0.0,3085.605769801124,2749.866281895302,3533.0086026782265,Van Nest/Morris Park
242,2026-06-04,0.0,3144.8675136581646,2802.679856731628,3600.863107263928,Van Nest/Morris Park
242,2026-06-05,0.0,3196.538031183481,2848.7281935935684,3660.0256823110785,Van Nest/Morris Park
242,2026-06-06,0.0,2561.8308860145626,2283.0824476399207,2933.28805885646,Van Nest/Morris Park
242,2026-06-07,0.0,2144.38166479325,1911.0551624064194,2455.310053956864,Van Nest/Morris Park
243,2026-06-01,0.0,3180.841969445326,2834.7399934953164,3642.0537425085918,Washington Heights North
243,2026-06-02,0.0,3463.269337536689,3086.436922571557,3965.4321633244394,Washington Heights North
243,2026-06-03,0.0,3476.5314367504293,3098.2559954459784,3980.6172239275434,Washington Heights North
243,2026-06-04,0.0,3633.175154913108,3237.8555784717855,4159.973773374208,Washington Heights North
243,2026-06-05,0.0,4027.8121074165488,3589.5527589411727,4611.831804550769,Washington Heights North
243,2026-06-06,0.0,4579.516042390687,4081.226732078747,5243.531021434425,Washington Heights North
243,2026-06-07,0.0,4072.165790374125,3629.0803934940386,4662.616627739533,Washington Heights North
244,2026-06-01,0.0,4448.155917137689,3964.1596774491322,5093.124103898215,Washington Heights South
244,2026-06-02,0.0,5111.258776772653,4555.111448730032,5852.374728355615,Washington Heights South
244,2026-06-03,0.0,5155.515770456346,4594.552914603583,5903.048842639256,Washington Heights South
244,2026-06-04,0.0,5333.1482262502295,4752.857486606422,6106.437428626732,Washington Heights South
244,2026-06-05,0.0,5761.827645033136,5134.893030806732,6597.273973325287,Washington Heights South
244,2026-06-06,0.0,5749.042270758592,5123.498811245999,6582.63476123199,Washington Heights South
244,2026-06-07,0.0,4951.580480730618,4412.807475055265,5669.543597075395,Washington Heights South
245,2026-06-01,0.0,541.25,482.35751295336786,619.7294952306364,West Brighton
245,2026-06-02,0.0,609.0,542.7357512953367,697.3030255805221,West Brighton
245,2026-06-03,0.0,588.0,524.020725388601,673.2580936639524,West Brighton
245,2026-06-04,0.0,619.75,552.3160621761658,709.61174072829,West Brighton
245,2026-06-05,0.0,719.25,640.9896373056995,823.5389181425132,West Brighton
245,2026-06-06,0.0,692.25,616.9274611398963,792.6240056783521,West Brighton
245,2026-06-07,0.0,550.5,490.60103626943004,630.3207152415065,West Brighton
246,2026-06-01,0.0,5934.765352273712,5289.013681819059,6795.287087439922,West Chelsea/Hudson Yards
246,2026-06-02,0.0,8095.0762423271335,7214.26483772159,9268.83605267605,West Chelsea/Hudson Yards
246,2026-06-03,0.0,8631.588833416581,7692.40041112773,9883.141230063105,West Chelsea/Hudson Yards
246,2026-06-04,0.0,8848.504949370175,7885.714255397254,10131.50947957315,West Chelsea/Hudson Yards
246,2026-06-05,0.0,7387.896836454422,6584.032413835028,8459.117925675593,West Chelsea/Hudson Yards
246,2026-06-06,0.0,8012.718600397778,7140.868389991801,9174.536819676021,West Chelsea/Hudson Yards
246,2026-06-07,0.0,6149.115393989859,5480.040662001325,7040.717190267475,West Chelsea/Hudson Yards
247,2026-06-01,0.0,3265.170507186274,2909.892887233363,3738.6096448231146,West Concourse
247,2026-06-02,0.0,3710.452055954003,3306.724112041909,4248.455574529055,West Concourse
247,2026-06-03,0.0,3886.3779735542207,3463.5078313540203,4449.890179817498,West Concourse
247,2026-06-04,0.0,3955.9956185256365,3525.5504994114476,4529.602157604623,West Concourse
247,2026-06-05,0.0,4249.104252913176,3786.7664844614833,4865.210593700201,West Concourse
247,2026-06-06,0.0,4262.794324135344,3798.9669624418607,4880.885680865439,West Concourse
247,2026-06-07,0.0,3574.7173440400265,3185.758462046034,4093.0397694487333,West Concourse
248,2026-06-01,0.0,1606.4634026046979,1431.6668665699897,1839.3953877186145,West Farms/Bronx River
248,2026-06-02,0.0,1695.0333960939824,1510.5997105086267,1940.807743113894,West Farms/Bronx River
248,2026-06-03,0.0,1705.2787396277859,1519.730275730462,1952.5386282439974,West Farms/Bronx River
248,2026-06-04,0.0,1824.7267973538708,1626.1813945329832,2089.306267081626,West Farms/Bronx River
248,2026-06-05,0.0,2080.5930173713514,1854.207248641826,2382.2722594659294,West Farms/Bronx River
248,2026-06-06,0.0,2123.427735922538,1892.3811947081686,2431.3178733339632,West Farms/Bronx River
248,2026-06-07,0.0,1892.0349055446252,1686.1658225579042,2166.373832742569,West Farms/Bronx River
249,2026-06-01,0.0,3880.668102215551,3458.4192413527185,4443.352395646513,West Village
249,2026-06-02,0.0,4622.963290583257,4119.946559483524,5293.27797975598,West Village
249,2026-06-03,0.0,5053.148086140316,4503.323682985152,5785.838175980406,West Village
249,2026-06-04,0.0,5487.5534805097295,4890.46216915893,6283.230944161509,West Village
249,2026-06-05,0.0,6563.886060738365,5849.680841694294,7515.628258979765,West Village
249,2026-06-06,0.0,8555.484659673157,7624.57700240302,9796.002197861799,West Village
249,2026-06-07,0.0,6206.899748070377,5531.537599316605,7106.880088348858,West Village
250,2026-06-01,0.0,1609.1702680535022,1434.0792026176289,1842.4947398816535,Westchester Village/Unionport
250,2026-06-02,0.0,1778.540269591231,1585.020343884413,2036.4228425332724,Westchester Village/Unionport
250,2026-06-03,0.0,1850.5544894990467,1649.1988196571813,2118.8788908527154,Westchester Village/Unionport
250,2026-06-04,0.0,1904.1911157213294,1696.999336290511,2180.292653983634,Westchester Village/Unionport
250,2026-06-05,0.0,2122.6369970304067,1891.6764947628494,2430.4124798661023,Westchester Village/Unionport
250,2026-06-06,0.0,1955.7690844652316,1742.9651944456984,2239.3492609761142,Westchester Village/Unionport
250,2026-06-07,0.0,1635.3243159401316,1457.3874732730706,1872.4410399186395,Westchester Village/Unionport
251,2026-06-01,0.0,532.75,474.7823834196891,609.9970227882154,Westerleigh
251,2026-06-02,0.0,604.75,538.9481865284973,692.4367893593115,Westerleigh
251,2026-06-03,0.0,633.5,564.5699481865284,725.3554461498535,Westerleigh
251,2026-06-04,0.0,650.5,579.720207253886,744.8203910346956,Westerleigh
251,2026-06-05,0.0,729.75,650.3471502590673,835.561384100798,Westerleigh
251,2026-06-06,0.0,697.25,621.3834196891191,798.3489894680116,Westerleigh
251,2026-06-07,0.0,543.75,484.5854922279793,622.5919871254662,Westerleigh
252,2026-06-01,0.0,882.5116940242137,786.4871055552578,1010.4730284947065,Whitestone
252,2026-06-02,0.0,949.7478790873754,846.4074362851221,1087.4582424077353,Whitestone
252,2026-06-03,0.0,978.5427768634552,872.069210468986,1120.4283070063268,Whitestone
252,2026-06-04,0.0,1007.0673850130428,897.490104778463,1153.0888908588822,Whitestone
252,2026-06-05,0.0,1106.9039572136467,986.463630262939,1267.4014423516069,Whitestone
252,2026-06-06,0.0,1109.2957517293867,988.5951777070181,1270.1400393177685,Whitestone
252,2026-06-07,0.0,875.7737791413026,780.4823316699691,1002.7581377985522,Whitestone
253,2026-06-01,0.0,27.5,24.507772020725387,31.487410843127027,Willets Point
253,2026-06-02,0.0,36.25,32.30569948186528,41.50613247503108,Willets Point
253,2026-06-03,0.0,43.5,38.76683937823834,49.80735897003729,Willets Point
253,2026-06-04,0.0,42.5,37.87564766839378,48.6623622121054,Willets Point
253,2026-06-05,0.0,40.0,35.64766839378238,45.799870317275676,Willets Point
253,2026-06-06,0.0,27.75,24.730569948186528,31.77366003261,Willets Point
253,2026-06-07,0.0,25.5,22.72538860103627,29.197417327263242,Willets Point
254,2026-06-01,0.0,3141.158832901479,2799.37471118681,3596.6166798213185,Williamsbridge/Olinville
254,2026-06-02,0.0,3462.468254027539,3085.723003589309,3964.51492530363,Williamsbridge/Olinville
254,2026-06-03,0.0,3548.0577556230137,3161.999657860924,4062.514627143455,Williamsbridge/Olinville
254,2026-06-04,0.0,3697.86772987016,3295.509064962008,4234.046561962298,Williamsbridge/Olinville
254,2026-06-05,0.0,4128.345276965767,3679.1470862078336,4726.941957749241,Williamsbridge/Olinville
254,2026-06-06,0.0,3947.5964225214325,3518.0652055631417,4519.985105410575,Williamsbridge/Olinville
254,2026-06-07,0.0,3426.82354235637,3053.9567320481638,3923.701846002725,Williamsbridge/Olinville
255,2026-06-01,0.0,4193.134659244266,3736.886846580382,4801.125590406533,Williamsburg (North Side)
255,2026-06-02,0.0,4658.94268965839,4152.011101664471,5334.474275049344,Williamsburg (North Side)
255,2026-06-03,0.0,5102.316769064152,4547.14240559085,5842.136158519979,Williamsburg (North Side)
255,2026-06-04,0.0,5662.736885142244,5046.584167069772,6483.8153745092095,Williamsburg (North Side)
255,2026-06-05,0.0,7341.99449635585,6543.124628876716,8406.559895081242,Williamsburg (North Side)
255,2026-06-06,0.0,11713.612477409868,10439.074332199467,13412.048310304854,Williamsburg (North Side)
255,2026-06-07,0.0,9146.454751711257,8151.244649193452,10472.661037280135,Williamsburg (North Side)
256,2026-06-01,0.0,3700.453317881843,3297.813319563093,4237.007051853022,Williamsburg (South Side)
256,2026-06-02,0.0,4380.1803868664365,3903.5804483991037,5015.29234211893,Williamsburg (South Side)
256,2026-06-03,0.0,4746.369042429161,4229.924742475729,5434.577165529687,Williamsburg (South Side)
256,2026-06-04,0.0,5214.335415461019,4646.972494607747,5970.3971454723105,Williamsburg (South Side)
256,2026-06-05,0.0,6351.840522834075,5660.7076162044605,7272.836805545428,Williamsburg (South Side)
256,2026-06-06,0.0,9153.20932569641,8157.264269532552,10480.395002594349,Williamsburg (South Side)
256,2026-06-07,0.0,7161.392974850447,6382.174050125786,8199.771738479987,Williamsburg (South Side)
257,2026-06-01,0.0,899.1717260682956,801.3343879986883,1029.5487111722216,Windsor Terrace
257,2026-06-02,0.0,972.5218680415502,866.7034264411742,1113.5343859254422,Windsor Terrace
257,2026-06-03,0.0,1043.0756316768395,929.5803556912766,1194.3182165477413,Windsor Terrace
257,2026-06-04,0.0,1058.0295527311841,942.9071661645786,1211.4404076733354,Windsor Terrace
257,2026-06-05,0.0,1223.8641060201878,1090.6975452615145,1401.3204335423281,Windsor Terrace
257,2026-06-06,0.0,1443.8179021873482,1286.718544954528,1653.1668170485389,Windsor Terrace
257,2026-06-07,0.0,1188.4171631918264,1059.1075236735446,1360.7337989252571,Windsor Terrace
258,2026-06-01,0.0,1995.0404248015664,1777.9634873879243,2284.3148183408575,Woodhaven
258,2026-06-02,0.0,2118.2070322791237,1887.7285469016024,2425.340184588131,Woodhaven
258,2026-06-03,0.0,2175.5171212139644,1938.8028230507869,2490.960050615312,Woodhaven
258,2026-06-04,0.0,2245.1148013786483,2000.8276986379663,2570.6491687634557,Woodhaven
258,2026-06-05,0.0,2571.9219967741797,2292.075561892015,2944.8423479601533,Woodhaven
258,2026-06-06,0.0,2681.1973855378815,2389.460882448267,3069.962313816339,Woodhaven
258,2026-06-07,0.0,2359.205196012468,2102.504112508521,2701.2823007303496,Woodhaven
259,2026-06-01,0.0,2186.9334681770456,1948.976976820994,2504.031730875465,Woodlawn/Wakefield
259,2026-06-02,0.0,2408.0012039781573,2145.990710281052,2757.153571651082,Woodlawn/Wakefield
259,2026-06-03,0.0,2463.8222192036806,2195.737936285145,2821.068453108773,Woodlawn/Wakefield
259,2026-06-04,0.0,2582.7299479595326,2301.707518388806,2957.2174170272688,Woodlawn/Wakefield
259,2026-06-05,0.0,2845.844019927194,2536.1925980698306,3258.482176396499,Woodlawn/Wakefield
259,2026-06-06,0.0,2830.5583858763985,2522.570167724044,3240.9801749654052,Woodlawn/Wakefield
259,2026-06-07,0.0,2427.0505799804337,2162.9673562519924,2778.9650454143143,Woodlawn/Wakefield
260,2026-06-01,0.0,2600.6518809884756,2317.6793965285897,2977.7379722412807,Woodside
260,2026-06-02,0.0,2929.803006624267,2611.016150981212,3354.6149439638943,Woodside
260,2026-06-03,0.0,2970.1054012871327,2646.9333109916415,3400.7610551897674,Woodside
260,2026-06-04,0.0,3016.4209958814135,2688.209384930586,3453.792260841907,Woodside
260,2026-06-05,0.0,3404.996808308713,3034.50492761191,3898.7103062819156,Woodside
260,2026-06-06,0.0,4100.107803490293,3653.9820839395356,4694.610142167636,Woodside
260,2026-06-07,0.0,3616.829847498957,3223.288776009433,4141.258449377605,Woodside
261,2026-06-01,0.0,2085.963303485953,1858.9932031066523,2388.4212196563153,World Trade Center
261,2026-06-02,0.0,2386.8758383046024,2127.163959525345,2732.9650964447364,World Trade Center
261,2026-06-03,0.0,2660.0473125428502,2370.612112732488,3045.7455488070054,World Trade Center
261,2026-06-04,0.0,2745.4118391319876,2446.688271143533,3143.487654993958,World Trade Center
261,2026-06-05,0.0,2531.859182874275,2256.3719142713744,2898.9705559311337,World Trade Center
261,2026-06-06,0.0,2590.2227852069227,2308.385072826895,2965.7966913832415,World Trade Center
261,2026-06-07,0.0,2037.7070329284734,1815.9876148378103,2333.1679463181167,World Trade Center
262,2026-06-01,0.0,2015.394499204899,1796.1028697577337,2307.620167543378,Yorkville East
262,2026-06-02,0.0,2237.2232978093825,1993.794856078828,2561.6134227614384,Yorkville East
262,2026-06-03,0.0,2324.0043870963927,2071.133443422692,2660.977488644863,Yorkville East
262,2026-06-04,0.0,2455.6521411396207,2188.456830445672,2811.713740213374,Yorkville East
262,2026-06-05,0.0,2543.4315994482613,2266.685155984979,2912.220935389785,Yorkville East
262,2026-06-06,0.0,2473.4213345497305,2204.2925883033868,2832.059409059015,Yorkville East
262,2026-06-07,0.0,1908.7332995025456,1701.0472928209213,2185.493439687057,Yorkville East
263,2026-06-01,0.0,2830.288886735458,2522.329992323828,3240.671599322763,Yorkville West
263,2026-06-02,0.0,3165.3989702535773,2820.9773206404934,3624.371558501295,Yorkville West
263,2026-06-03,0.0,3278.4984260897827,2921.770618069651,3753.870068757611,Yorkville West
263,2026-06-04,0.0,3461.543423094304,3084.8988019286026,3963.455996883441,Yorkville West
263,2026-06-05,0.0,3801.865396227226,3388.190923062605,4353.123552773621,Yorkville West
263,2026-06-06,0.0,4172.446278282095,3718.4495329767888,4777.437461277987,Yorkville West
263,2026-06-07,0.0,3311.228658952662,2950.9395302583307,3791.346079271964,Yorkville West
264,2026-06-01,0.0,0.0,0.0,0.0,—
264,2026-06-02,0.0,0.0,0.0,0.0,—
264,2026-06-03,0.0,0.0,0.0,0.0,—
264,2026-06-04,0.0,0.0,0.0,0.0,—
264,2026-06-05,0.0,0.0,0.0,0.0,—
264,2026-06-06,0.0,0.0,0.0,0.0,—
264,2026-06-07,0.0,0.0,0.0,0.0,—
265,2026-06-01,0.0,34.0,30.300518134715023,38.92988976968432,Outside of NYC
265,2026-06-02,0.0,37.25,33.196891191709845,42.65112923296297,Outside of NYC
265,2026-06-03,0.0,34.25,30.523316062176164,39.216138959167296,Outside of NYC
265,2026-06-04,0.0,37.75,33.64248704663212,43.22362761192892,Outside of NYC
265,2026-06-05,0.0,46.5,41.44041450777202,53.24234924383297,Outside of NYC
265,2026-06-06,0.0,46.0,40.99481865284974,52.66985086486702,Outside of NYC
265,2026-06-07,0.0,33.5,29.854922279792746,38.35739139071838,Outside of NYC
